사업명,기준년월,시도,시군구,수급권자수,수급가구수
기초생활보장(맞춤형급여),2025-12,서울특별시,종로구,6387,5477
기초생활보장(맞춤형급여),2025-12,서울특별시,중구,6326,5330
기초생활보장(맞춤형급여),2025-12,서울특별시,용산구,9248,7369
기초생활보장(맞춤형급여),2025-12,서울특별시,성동구,10865,8575
기초생활보장(맞춤형급여),2025-12,서울특별시,광진구,16001,12098
기초생활보장(맞춤형급여),2025-12,서울특별시,동대문구,17255,13892
기초생활보장(맞춤형급여),2025-12,서울특별시,중랑구,32151,24029
기초생활보장(맞춤형급여),2025-12,서울특별시,성북구,19522,14820
기초생활보장(맞춤형급여),2025-12,서울특별시,강북구,26568,20351
기초생활보장(맞춤형급여),2025-12,서울특별시,도봉구,19634,14533
기초생활보장(맞춤형급여),2025-12,서울특별시,노원구,34030,25401
기초생활보장(맞춤형급여),2025-12,서울특별시,은평구,29250,21845
기초생활보장(맞춤형급여),2025-12,서울특별시,서대문구,12930,9998
기초생활보장(맞춤형급여),2025-12,서울특별시,마포구,12769,9748
기초생활보장(맞춤형급여),2025-12,서울특별시,양천구,20616,15490
기초생활보장(맞춤형급여),2025-12,서울특별시,강서구,35923,27028
기초생활보장(맞춤형급여),2025-12,서울특별시,구로구,17951,13412
기초생활보장(맞춤형급여),2025-12,서울특별시,금천구,15678,12368
기초생활보장(맞춤형급여),2025-12,서울특별시,영등포구,13261,11291
기초생활보장(맞춤형급여),2025-12,서울특별시,동작구,14289,11322
기초생활보장(맞춤형급여),2025-12,서울특별시,관악구,26914,21667
기초생활보장(맞춤형급여),2025-12,서울특별시,서초구,8523,6245
기초생활보장(맞춤형급여),2025-12,서울특별시,강남구,17846,13500
기초생활보장(맞춤형급여),2025-12,서울특별시,송파구,20961,15455
기초생활보장(맞춤형급여),2025-12,서울특별시,강동구,20669,15984
기초생활보장(맞춤형급여),2025-12,부산광역시,중구,5121,4221
기초생활보장(맞춤형급여),2025-12,부산광역시,서구,11469,9030
기초생활보장(맞춤형급여),2025-12,부산광역시,동구,11049,8594
기초생활보장(맞춤형급여),2025-12,부산광역시,영도구,14061,10971
기초생활보장(맞춤형급여),2025-12,부산광역시,부산진구,26653,20431
기초생활보장(맞춤형급여),2025-12,부산광역시,동래구,15670,11832
기초생활보장(맞춤형급여),2025-12,부산광역시,남구,14263,10857
기초생활보장(맞춤형급여),2025-12,부산광역시,북구,25175,19043
기초생활보장(맞춤형급여),2025-12,부산광역시,해운대구,25647,19076
기초생활보장(맞춤형급여),2025-12,부산광역시,사하구,28755,21488
기초생활보장(맞춤형급여),2025-12,부산광역시,금정구,15947,12360
기초생활보장(맞춤형급여),2025-12,부산광역시,강서구,5679,3992
기초생활보장(맞춤형급여),2025-12,부산광역시,연제구,14139,10880
기초생활보장(맞춤형급여),2025-12,부산광역시,수영구,11350,8763
기초생활보장(맞춤형급여),2025-12,부산광역시,사상구,17560,13667
기초생활보장(맞춤형급여),2025-12,부산광역시,기장군,13855,9517
기초생활보장(맞춤형급여),2025-12,대구광역시,중구,5205,3962
기초생활보장(맞춤형급여),2025-12,대구광역시,동구,25675,19627
기초생활보장(맞춤형급여),2025-12,대구광역시,서구,19092,14511
기초생활보장(맞춤형급여),2025-12,대구광역시,남구,17157,13150
기초생활보장(맞춤형급여),2025-12,대구광역시,북구,25995,19068
기초생활보장(맞춤형급여),2025-12,대구광역시,수성구,23136,16948
기초생활보장(맞춤형급여),2025-12,대구광역시,달서구,37520,27732
기초생활보장(맞춤형급여),2025-12,대구광역시,달성군,16073,10782
기초생활보장(맞춤형급여),2025-12,대구광역시,군위군,1387,1101
기초생활보장(맞춤형급여),2025-12,인천광역시,중구,9900,7265
기초생활보장(맞춤형급여),2025-12,인천광역시,동구,3900,3089
기초생활보장(맞춤형급여),2025-12,인천광역시,미추홀구,33502,24128
기초생활보장(맞춤형급여),2025-12,인천광역시,연수구,14058,10216
기초생활보장(맞춤형급여),2025-12,인천광역시,남동구,40857,29228
기초생활보장(맞춤형급여),2025-12,인천광역시,부평구,35560,25743
기초생활보장(맞춤형급여),2025-12,인천광역시,계양구,20503,14690
기초생활보장(맞춤형급여),2025-12,인천광역시,서구,34159,23551
기초생활보장(맞춤형급여),2025-12,인천광역시,강화군,4952,3912
기초생활보장(맞춤형급여),2025-12,인천광역시,옹진군,745,637
기초생활보장(맞춤형급여),2025-12,광주광역시,동구,7456,5866
기초생활보장(맞춤형급여),2025-12,광주광역시,서구,19729,13914
기초생활보장(맞춤형급여),2025-12,광주광역시,남구,15965,11120
기초생활보장(맞춤형급여),2025-12,광주광역시,북구,36084,25542
기초생활보장(맞춤형급여),2025-12,광주광역시,광산구,25947,16572
기초생활보장(맞춤형급여),2025-12,대전광역시,동구,20460,15415
기초생활보장(맞춤형급여),2025-12,대전광역시,중구,15661,11883
기초생활보장(맞춤형급여),2025-12,대전광역시,서구,22528,16161
기초생활보장(맞춤형급여),2025-12,대전광역시,유성구,12861,9178
기초생활보장(맞춤형급여),2025-12,대전광역시,대덕구,13648,9925
기초생활보장(맞춤형급여),2025-12,울산광역시,중구,11145,8582
기초생활보장(맞춤형급여),2025-12,울산광역시,남구,13510,10489
기초생활보장(맞춤형급여),2025-12,울산광역시,동구,7259,5069
기초생활보장(맞춤형급여),2025-12,울산광역시,북구,7696,5186
기초생활보장(맞춤형급여),2025-12,울산광역시,울주군,10092,7564
기초생활보장(맞춤형급여),2025-12,세종특별자치시,세종특별자치시,10202,6857
기초생활보장(맞춤형급여),2025-12,경기도,수원시,224,224
기초생활보장(맞춤형급여),2025-12,경기도,수원시장안구,8947,7033
기초생활보장(맞춤형급여),2025-12,경기도,수원시권선구,12037,9237
기초생활보장(맞춤형급여),2025-12,경기도,수원시팔달구,8510,6959
기초생활보장(맞춤형급여),2025-12,경기도,수원시영통구,4453,3504
기초생활보장(맞춤형급여),2025-12,경기도,성남시,530,530
기초생활보장(맞춤형급여),2025-12,경기도,성남시수정구,15124,11746
기초생활보장(맞춤형급여),2025-12,경기도,성남시중원구,11543,8617
기초생활보장(맞춤형급여),2025-12,경기도,성남시분당구,9296,6831
기초생활보장(맞춤형급여),2025-12,경기도,의정부시,28407,20853
기초생활보장(맞춤형급여),2025-12,경기도,안양시,435,435
기초생활보장(맞춤형급여),2025-12,경기도,안양시만안구,10259,7957
기초생활보장(맞춤형급여),2025-12,경기도,안양시동안구,6280,4718
기초생활보장(맞춤형급여),2025-12,경기도,부천시,113,113
기초생활보장(맞춤형급여),2025-12,경기도,부천시 원미구,15742,12231
기초생활보장(맞춤형급여),2025-12,경기도,부천시 소사구,9777,7590
기초생활보장(맞춤형급여),2025-12,경기도,부천시 오정구,8726,6307
기초생활보장(맞춤형급여),2025-12,경기도,광명시,10271,7492
기초생활보장(맞춤형급여),2025-12,경기도,평택시,22750,16439
기초생활보장(맞춤형급여),2025-12,경기도,동두천시,9852,7099
기초생활보장(맞춤형급여),2025-12,경기도,안산시,936,937
기초생활보장(맞춤형급여),2025-12,경기도,안산시상록구,22327,15593
기초생활보장(맞춤형급여),2025-12,경기도,안산시단원구,14572,10606
기초생활보장(맞춤형급여),2025-12,경기도,고양시,1499,1497
기초생활보장(맞춤형급여),2025-12,경기도,고양시덕양구,23317,17432
기초생활보장(맞춤형급여),2025-12,경기도,고양시일산동구,10686,7706
기초생활보장(맞춤형급여),2025-12,경기도,고양시일산서구,7258,5284
기초생활보장(맞춤형급여),2025-12,경기도,과천시,1365,1022
기초생활보장(맞춤형급여),2025-12,경기도,구리시,8999,6822
기초생활보장(맞춤형급여),2025-12,경기도,남양주시,32269,23281
기초생활보장(맞춤형급여),2025-12,경기도,오산시,8701,6316
기초생활보장(맞춤형급여),2025-12,경기도,시흥시,21702,15903
기초생활보장(맞춤형급여),2025-12,경기도,군포시,12208,8970
기초생활보장(맞춤형급여),2025-12,경기도,의왕시,4230,3171
기초생활보장(맞춤형급여),2025-12,경기도,하남시,9260,7072
기초생활보장(맞춤형급여),2025-12,경기도,용인시,392,388
기초생활보장(맞춤형급여),2025-12,경기도,용인시처인구,8847,6456
기초생활보장(맞춤형급여),2025-12,경기도,용인시기흥구,12168,8559
기초생활보장(맞춤형급여),2025-12,경기도,용인시수지구,3395,2497
기초생활보장(맞춤형급여),2025-12,경기도,파주시,29238,20220
기초생활보장(맞춤형급여),2025-12,경기도,이천시,8479,6296
기초생활보장(맞춤형급여),2025-12,경기도,안성시,9197,7056
기초생활보장(맞춤형급여),2025-12,경기도,김포시,17719,12781
기초생활보장(맞춤형급여),2025-12,경기도,화성시,22577,16772
기초생활보장(맞춤형급여),2025-12,경기도,광주시,13195,9306
기초생활보장(맞춤형급여),2025-12,경기도,양주시,18458,12692
기초생활보장(맞춤형급여),2025-12,경기도,포천시,10640,8083
기초생활보장(맞춤형급여),2025-12,경기도,여주시,7287,5490
기초생활보장(맞춤형급여),2025-12,경기도,연천군,3230,2593
기초생활보장(맞춤형급여),2025-12,경기도,가평군,4832,3940
기초생활보장(맞춤형급여),2025-12,경기도,양평군,6670,5242
기초생활보장(맞춤형급여),2025-12,충청북도,청주시,1119,1120
기초생활보장(맞춤형급여),2025-12,충청북도,청주시상당구,10732,7873
기초생활보장(맞춤형급여),2025-12,충청북도,청주시서원구,10660,8058
기초생활보장(맞춤형급여),2025-12,충청북도,청주시흥덕구,9723,6857
기초생활보장(맞춤형급여),2025-12,충청북도,청주시청원구,7739,5591
기초생활보장(맞춤형급여),2025-12,충청북도,충주시,13207,10082
기초생활보장(맞춤형급여),2025-12,충청북도,제천시,9898,7594
기초생활보장(맞춤형급여),2025-12,충청북도,보은군,2253,1783
기초생활보장(맞춤형급여),2025-12,충청북도,옥천군,3678,2873
기초생활보장(맞춤형급여),2025-12,충청북도,영동군,2974,2320
기초생활보장(맞춤형급여),2025-12,충청북도,증평군,2490,1884
기초생활보장(맞춤형급여),2025-12,충청북도,진천군,3624,2714
기초생활보장(맞춤형급여),2025-12,충청북도,괴산군,2430,1870
기초생활보장(맞춤형급여),2025-12,충청북도,음성군,6282,5027
기초생활보장(맞춤형급여),2025-12,충청북도,단양군,1716,1388
기초생활보장(맞춤형급여),2025-12,충청남도,천안시,622,622
기초생활보장(맞춤형급여),2025-12,충청남도,천안시 동남구,11229,8393
기초생활보장(맞춤형급여),2025-12,충청남도,천안시 서북구,12367,8950
기초생활보장(맞춤형급여),2025-12,충청남도,공주시,6743,5221
기초생활보장(맞춤형급여),2025-12,충청남도,보령시,6742,5231
기초생활보장(맞춤형급여),2025-12,충청남도,아산시,15711,11524
기초생활보장(맞춤형급여),2025-12,충청남도,서산시,6805,5154
기초생활보장(맞춤형급여),2025-12,충청남도,논산시,9675,7410
기초생활보장(맞춤형급여),2025-12,충청남도,계룡시,1512,1073
기초생활보장(맞춤형급여),2025-12,충청남도,당진시,6791,5105
기초생활보장(맞춤형급여),2025-12,충청남도,금산군,3525,2715
기초생활보장(맞춤형급여),2025-12,충청남도,부여군,4537,3615
기초생활보장(맞춤형급여),2025-12,충청남도,서천군,3777,3027
기초생활보장(맞춤형급여),2025-12,충청남도,청양군,1553,1209
기초생활보장(맞춤형급여),2025-12,충청남도,홍성군,5530,4207
기초생활보장(맞춤형급여),2025-12,충청남도,예산군,4404,3474
기초생활보장(맞춤형급여),2025-12,충청남도,태안군,3415,2677
기초생활보장(맞춤형급여),2025-12,전라남도,목포시,21721,15537
기초생활보장(맞춤형급여),2025-12,전라남도,여수시,14551,11159
기초생활보장(맞춤형급여),2025-12,전라남도,순천시,13064,9827
기초생활보장(맞춤형급여),2025-12,전라남도,나주시,7133,5297
기초생활보장(맞춤형급여),2025-12,전라남도,광양시,6641,4611
기초생활보장(맞춤형급여),2025-12,전라남도,담양군,2880,2267
기초생활보장(맞춤형급여),2025-12,전라남도,곡성군,1987,1621
기초생활보장(맞춤형급여),2025-12,전라남도,구례군,1838,1480
기초생활보장(맞춤형급여),2025-12,전라남도,고흥군,5491,4492
기초생활보장(맞춤형급여),2025-12,전라남도,보성군,2920,2322
기초생활보장(맞춤형급여),2025-12,전라남도,화순군,3861,2976
기초생활보장(맞춤형급여),2025-12,전라남도,장흥군,2951,2249
기초생활보장(맞춤형급여),2025-12,전라남도,강진군,2714,2061
기초생활보장(맞춤형급여),2025-12,전라남도,해남군,4801,3826
기초생활보장(맞춤형급여),2025-12,전라남도,영암군,2587,1994
기초생활보장(맞춤형급여),2025-12,전라남도,무안군,4121,2980
기초생활보장(맞춤형급여),2025-12,전라남도,함평군,2294,1873
기초생활보장(맞춤형급여),2025-12,전라남도,영광군,3788,2892
기초생활보장(맞춤형급여),2025-12,전라남도,장성군,2612,2054
기초생활보장(맞춤형급여),2025-12,전라남도,완도군,3456,2822
기초생활보장(맞춤형급여),2025-12,전라남도,진도군,2552,2070
기초생활보장(맞춤형급여),2025-12,전라남도,신안군,2348,1865
기초생활보장(맞춤형급여),2025-12,경상북도,포항시,475,473
기초생활보장(맞춤형급여),2025-12,경상북도,포항시남구,16404,12362
기초생활보장(맞춤형급여),2025-12,경상북도,포항시북구,17994,13340
기초생활보장(맞춤형급여),2025-12,경상북도,경주시,15494,12031
기초생활보장(맞춤형급여),2025-12,경상북도,김천시,9055,6946
기초생활보장(맞춤형급여),2025-12,경상북도,안동시,12117,9523
기초생활보장(맞춤형급여),2025-12,경상북도,구미시,17184,12421
기초생활보장(맞춤형급여),2025-12,경상북도,영주시,8207,6398
기초생활보장(맞춤형급여),2025-12,경상북도,영천시,8434,6600
기초생활보장(맞춤형급여),2025-12,경상북도,상주시,6073,4916
기초생활보장(맞춤형급여),2025-12,경상북도,문경시,3680,3072
기초생활보장(맞춤형급여),2025-12,경상북도,경산시,16304,11964
기초생활보장(맞춤형급여),2025-12,경상북도,의성군,3789,3208
기초생활보장(맞춤형급여),2025-12,경상북도,청송군,1653,1391
기초생활보장(맞춤형급여),2025-12,경상북도,영양군,1277,993
기초생활보장(맞춤형급여),2025-12,경상북도,영덕군,3283,2697
기초생활보장(맞춤형급여),2025-12,경상북도,청도군,2708,2269
기초생활보장(맞춤형급여),2025-12,경상북도,고령군,2670,2062
기초생활보장(맞춤형급여),2025-12,경상북도,성주군,2725,2199
기초생활보장(맞춤형급여),2025-12,경상북도,칠곡군,7364,5267
기초생활보장(맞춤형급여),2025-12,경상북도,예천군,3206,2518
기초생활보장(맞춤형급여),2025-12,경상북도,봉화군,1780,1478
기초생활보장(맞춤형급여),2025-12,경상북도,울진군,3648,3016
기초생활보장(맞춤형급여),2025-12,경상북도,울릉군,318,256
기초생활보장(맞춤형급여),2025-12,경상남도,창원시,146,146
기초생활보장(맞춤형급여),2025-12,경상남도,창원시의창구,12029,8817
기초생활보장(맞춤형급여),2025-12,경상남도,창원시성산구,6418,4681
기초생활보장(맞춤형급여),2025-12,경상남도,창원시마산합포구,12659,9973
기초생활보장(맞춤형급여),2025-12,경상남도,창원시마산회원구,11596,9023
기초생활보장(맞춤형급여),2025-12,경상남도,창원시진해구,10931,8061
기초생활보장(맞춤형급여),2025-12,경상남도,진주시,19318,14528
기초생활보장(맞춤형급여),2025-12,경상남도,통영시,11319,8248
기초생활보장(맞춤형급여),2025-12,경상남도,사천시,7441,5690
기초생활보장(맞춤형급여),2025-12,경상남도,김해시,32010,22390
기초생활보장(맞춤형급여),2025-12,경상남도,밀양시,7425,5850
기초생활보장(맞춤형급여),2025-12,경상남도,거제시,11681,8308
기초생활보장(맞춤형급여),2025-12,경상남도,양산시,20274,14877
기초생활보장(맞춤형급여),2025-12,경상남도,의령군,2213,1861
기초생활보장(맞춤형급여),2025-12,경상남도,함안군,3903,3042
기초생활보장(맞춤형급여),2025-12,경상남도,창녕군,4313,3423
기초생활보장(맞춤형급여),2025-12,경상남도,고성군,3785,3027
기초생활보장(맞춤형급여),2025-12,경상남도,남해군,2891,2316
기초생활보장(맞춤형급여),2025-12,경상남도,하동군,3333,2634
기초생활보장(맞춤형급여),2025-12,경상남도,산청군,2383,1958
기초생활보장(맞춤형급여),2025-12,경상남도,함양군,3009,2408
기초생활보장(맞춤형급여),2025-12,경상남도,거창군,4139,3161
기초생활보장(맞춤형급여),2025-12,경상남도,합천군,2808,2320
기초생활보장(맞춤형급여),2025-12,제주특별자치도,제주시,28866,20004
기초생활보장(맞춤형급여),2025-12,제주특별자치도,서귀포시,11417,8157
기초생활보장(맞춤형급여),2025-12,강원특별자치도,춘천시,18553,13825
기초생활보장(맞춤형급여),2025-12,강원특별자치도,원주시,20272,15148
기초생활보장(맞춤형급여),2025-12,강원특별자치도,강릉시,14236,11051
기초생활보장(맞춤형급여),2025-12,강원특별자치도,동해시,6114,4693
기초생활보장(맞춤형급여),2025-12,강원특별자치도,태백시,2833,2254
기초생활보장(맞춤형급여),2025-12,강원특별자치도,속초시,6167,4718
기초생활보장(맞춤형급여),2025-12,강원특별자치도,삼척시,4431,3518
기초생활보장(맞춤형급여),2025-12,강원특별자치도,홍천군,3384,2658
기초생활보장(맞춤형급여),2025-12,강원특별자치도,횡성군,2189,1747
기초생활보장(맞춤형급여),2025-12,강원특별자치도,영월군,1974,1599
기초생활보장(맞춤형급여),2025-12,강원특별자치도,평창군,1555,1272
기초생활보장(맞춤형급여),2025-12,강원특별자치도,정선군,1884,1607
기초생활보장(맞춤형급여),2025-12,강원특별자치도,철원군,2102,1671
기초생활보장(맞춤형급여),2025-12,강원특별자치도,화천군,1271,1040
기초생활보장(맞춤형급여),2025-12,강원특별자치도,양구군,1162,907
기초생활보장(맞춤형급여),2025-12,강원특별자치도,인제군,1439,1135
기초생활보장(맞춤형급여),2025-12,강원특별자치도,고성군,1631,1293
기초생활보장(맞춤형급여),2025-12,강원특별자치도,양양군,1808,1492
기초생활보장(맞춤형급여),2025-12,전북특별자치도,전주시,803,797
기초생활보장(맞춤형급여),2025-12,전북특별자치도,전주시 완산구,25480,17478
기초생활보장(맞춤형급여),2025-12,전북특별자치도,전주시 덕진구,19077,12983
기초생활보장(맞춤형급여),2025-12,전북특별자치도,군산시,20955,15364
기초생활보장(맞춤형급여),2025-12,전북특별자치도,익산시,24924,18038
기초생활보장(맞춤형급여),2025-12,전북특별자치도,정읍시,9524,7202
기초생활보장(맞춤형급여),2025-12,전북특별자치도,남원시,7155,5338
기초생활보장(맞춤형급여),2025-12,전북특별자치도,김제시,8717,6617
기초생활보장(맞춤형급여),2025-12,전북특별자치도,완주군,7707,5452
기초생활보장(맞춤형급여),2025-12,전북특별자치도,진안군,1798,1383
기초생활보장(맞춤형급여),2025-12,전북특별자치도,무주군,1515,1181
기초생활보장(맞춤형급여),2025-12,전북특별자치도,장수군,1439,1058
기초생활보장(맞춤형급여),2025-12,전북특별자치도,임실군,2250,1751
기초생활보장(맞춤형급여),2025-12,전북특별자치도,순창군,2036,1542
기초생활보장(맞춤형급여),2025-12,전북특별자치도,고창군,4100,3240
기초생활보장(맞춤형급여),2025-12,전북특별자치도,부안군,3790,3008
기초생계급여,2025-12,서울특별시,종로구,4872,4365
기초생계급여,2025-12,서울특별시,중구,4292,3822
기초생계급여,2025-12,서울특별시,용산구,6599,5536
기초생계급여,2025-12,서울특별시,성동구,7407,6110
기초생계급여,2025-12,서울특별시,광진구,9873,8045
기초생계급여,2025-12,서울특별시,동대문구,12457,10525
기초생계급여,2025-12,서울특별시,중랑구,20857,17011
기초생계급여,2025-12,서울특별시,성북구,13635,10871
기초생계급여,2025-12,서울특별시,강북구,19130,15343
기초생계급여,2025-12,서울특별시,도봉구,13286,10526
기초생계급여,2025-12,서울특별시,노원구,23803,18631
기초생계급여,2025-12,서울특별시,은평구,19810,15832
기초생계급여,2025-12,서울특별시,서대문구,8198,6797
기초생계급여,2025-12,서울특별시,마포구,8743,6956
기초생계급여,2025-12,서울특별시,양천구,12728,10340
기초생계급여,2025-12,서울특별시,강서구,24546,19652
기초생계급여,2025-12,서울특별시,구로구,11947,9533
기초생계급여,2025-12,서울특별시,금천구,11613,9536
기초생계급여,2025-12,서울특별시,영등포구,9758,8688
기초생계급여,2025-12,서울특별시,동작구,8942,7509
기초생계급여,2025-12,서울특별시,관악구,18639,15489
기초생계급여,2025-12,서울특별시,서초구,5026,3985
기초생계급여,2025-12,서울특별시,강남구,12359,9640
기초생계급여,2025-12,서울특별시,송파구,13111,10428
기초생계급여,2025-12,서울특별시,강동구,13621,11241
기초생계급여,2025-12,부산광역시,중구,3895,3304
기초생계급여,2025-12,부산광역시,서구,7925,6579
기초생계급여,2025-12,부산광역시,동구,8095,6504
기초생계급여,2025-12,부산광역시,영도구,10565,8553
기초생계급여,2025-12,부산광역시,부산진구,18921,15272
기초생계급여,2025-12,부산광역시,동래구,9756,7961
기초생계급여,2025-12,부산광역시,남구,9702,7811
기초생계급여,2025-12,부산광역시,북구,18518,14527
기초생계급여,2025-12,부산광역시,해운대구,17303,13615
기초생계급여,2025-12,부산광역시,사하구,21232,16604
기초생계급여,2025-12,부산광역시,금정구,10120,8427
기초생계급여,2025-12,부산광역시,강서구,3414,2531
기초생계급여,2025-12,부산광역시,연제구,9534,7760
기초생계급여,2025-12,부산광역시,수영구,7669,6186
기초생계급여,2025-12,부산광역시,사상구,13545,10916
기초생계급여,2025-12,부산광역시,기장군,8136,6106
기초생계급여,2025-12,대구광역시,중구,3307,2695
기초생계급여,2025-12,대구광역시,동구,17414,14228
기초생계급여,2025-12,대구광역시,서구,13654,10956
기초생계급여,2025-12,대구광역시,남구,11827,9631
기초생계급여,2025-12,대구광역시,북구,16889,13426
기초생계급여,2025-12,대구광역시,수성구,15834,12405
기초생계급여,2025-12,대구광역시,달서구,25468,20185
기초생계급여,2025-12,대구광역시,달성군,10471,7609
기초생계급여,2025-12,대구광역시,군위군,1031,846
기초생계급여,2025-12,인천광역시,중구,6409,5073
기초생계급여,2025-12,인천광역시,동구,2790,2324
기초생계급여,2025-12,인천광역시,미추홀구,23858,18168
기초생계급여,2025-12,인천광역시,연수구,8894,6974
기초생계급여,2025-12,인천광역시,남동구,27301,20760
기초생계급여,2025-12,인천광역시,부평구,22945,18069
기초생계급여,2025-12,인천광역시,계양구,12146,9519
기초생계급여,2025-12,인천광역시,서구,20957,15843
기초생계급여,2025-12,인천광역시,강화군,3468,2839
기초생계급여,2025-12,인천광역시,옹진군,508,458
기초생계급여,2025-12,광주광역시,동구,5420,4417
기초생계급여,2025-12,광주광역시,서구,12472,9457
기초생계급여,2025-12,광주광역시,남구,9485,7233
기초생계급여,2025-12,광주광역시,북구,24108,18055
기초생계급여,2025-12,광주광역시,광산구,16529,11352
기초생계급여,2025-12,대전광역시,동구,14302,11456
기초생계급여,2025-12,대전광역시,중구,11497,9141
기초생계급여,2025-12,대전광역시,서구,15483,11870
기초생계급여,2025-12,대전광역시,유성구,8151,6295
기초생계급여,2025-12,대전광역시,대덕구,9438,7308
기초생계급여,2025-12,울산광역시,중구,6464,5452
기초생계급여,2025-12,울산광역시,남구,7816,6624
기초생계급여,2025-12,울산광역시,동구,4306,3276
기초생계급여,2025-12,울산광역시,북구,3908,2970
기초생계급여,2025-12,울산광역시,울주군,6030,5051
기초생계급여,2025-12,세종특별자치시,세종특별자치시,5382,4177
기초생계급여,2025-12,경기도,수원시,203,203
기초생계급여,2025-12,경기도,수원시장안구,5788,4831
기초생계급여,2025-12,경기도,수원시권선구,7662,6359
기초생계급여,2025-12,경기도,수원시팔달구,6226,5323
기초생계급여,2025-12,경기도,수원시영통구,2579,2196
기초생계급여,2025-12,경기도,성남시,503,503
기초생계급여,2025-12,경기도,성남시수정구,9809,8151
기초생계급여,2025-12,경기도,성남시중원구,7020,5733
기초생계급여,2025-12,경기도,성남시분당구,5630,4467
기초생계급여,2025-12,경기도,의정부시,17694,14404
기초생계급여,2025-12,경기도,안양시,406,406
기초생계급여,2025-12,경기도,안양시만안구,6207,5204
기초생계급여,2025-12,경기도,안양시동안구,3382,2793
기초생계급여,2025-12,경기도,부천시,113,113
기초생계급여,2025-12,경기도,부천시 원미구,10564,8799
기초생계급여,2025-12,경기도,부천시 소사구,6529,5414
기초생계급여,2025-12,경기도,부천시 오정구,5604,4403
기초생계급여,2025-12,경기도,광명시,5917,4775
기초생계급여,2025-12,경기도,평택시,13579,10887
기초생계급여,2025-12,경기도,동두천시,5768,4696
기초생계급여,2025-12,경기도,안산시,874,873
기초생계급여,2025-12,경기도,안산시상록구,11791,9332
기초생계급여,2025-12,경기도,안산시단원구,8142,6633
기초생계급여,2025-12,경기도,고양시,1412,1412
기초생계급여,2025-12,경기도,고양시덕양구,13447,11058
기초생계급여,2025-12,경기도,고양시일산동구,5680,4622
기초생계급여,2025-12,경기도,고양시일산서구,4137,3375
기초생계급여,2025-12,경기도,과천시,847,673
기초생계급여,2025-12,경기도,구리시,5102,4289
기초생계급여,2025-12,경기도,남양주시,18389,14953
기초생계급여,2025-12,경기도,오산시,4762,3870
기초생계급여,2025-12,경기도,시흥시,12719,10251
기초생계급여,2025-12,경기도,군포시,6657,5497
기초생계급여,2025-12,경기도,의왕시,1806,1578
기초생계급여,2025-12,경기도,하남시,5282,4360
기초생계급여,2025-12,경기도,용인시,381,379
기초생계급여,2025-12,경기도,용인시처인구,4917,4062
기초생계급여,2025-12,경기도,용인시기흥구,5606,4523
기초생계급여,2025-12,경기도,용인시수지구,1253,1069
기초생계급여,2025-12,경기도,파주시,15147,12173
기초생계급여,2025-12,경기도,이천시,5472,4464
기초생계급여,2025-12,경기도,안성시,6444,5287
기초생계급여,2025-12,경기도,김포시,10459,8177
기초생계급여,2025-12,경기도,화성시,12534,10265
기초생계급여,2025-12,경기도,광주시,7255,5829
기초생계급여,2025-12,경기도,양주시,10861,8429
기초생계급여,2025-12,경기도,포천시,6904,5793
기초생계급여,2025-12,경기도,여주시,4202,3513
기초생계급여,2025-12,경기도,연천군,2084,1808
기초생계급여,2025-12,경기도,가평군,3558,3095
기초생계급여,2025-12,경기도,양평군,4449,3802
기초생계급여,2025-12,충청북도,청주시,1040,1040
기초생계급여,2025-12,충청북도,청주시상당구,6563,5257
기초생계급여,2025-12,충청북도,청주시서원구,6896,5638
기초생계급여,2025-12,충청북도,청주시흥덕구,5514,4259
기초생계급여,2025-12,충청북도,청주시청원구,4378,3484
기초생계급여,2025-12,충청북도,충주시,9275,7549
기초생계급여,2025-12,충청북도,제천시,6081,5094
기초생계급여,2025-12,충청북도,보은군,1514,1269
기초생계급여,2025-12,충청북도,옥천군,2401,2026
기초생계급여,2025-12,충청북도,영동군,2187,1790
기초생계급여,2025-12,충청북도,증평군,1598,1299
기초생계급여,2025-12,충청북도,진천군,2408,1914
기초생계급여,2025-12,충청북도,괴산군,1864,1485
기초생계급여,2025-12,충청북도,음성군,4636,3958
기초생계급여,2025-12,충청북도,단양군,1244,1054
기초생계급여,2025-12,충청남도,천안시,572,572
기초생계급여,2025-12,충청남도,천안시 동남구,7898,6338
기초생계급여,2025-12,충청남도,천안시 서북구,8298,6555
기초생계급여,2025-12,충청남도,공주시,4882,4076
기초생계급여,2025-12,충청남도,보령시,4616,3858
기초생계급여,2025-12,충청남도,아산시,10281,8197
기초생계급여,2025-12,충청남도,서산시,4494,3696
기초생계급여,2025-12,충청남도,논산시,7333,5884
기초생계급여,2025-12,충청남도,계룡시,684,560
기초생계급여,2025-12,충청남도,당진시,4052,3348
기초생계급여,2025-12,충청남도,금산군,2219,1891
기초생계급여,2025-12,충청남도,부여군,3120,2624
기초생계급여,2025-12,충청남도,서천군,2594,2153
기초생계급여,2025-12,충청남도,청양군,1150,937
기초생계급여,2025-12,충청남도,홍성군,3625,3003
기초생계급여,2025-12,충청남도,예산군,3078,2571
기초생계급여,2025-12,충청남도,태안군,2118,1781
기초생계급여,2025-12,전라남도,목포시,14046,10879
기초생계급여,2025-12,전라남도,여수시,9522,7867
기초생계급여,2025-12,전라남도,순천시,8037,6654
기초생계급여,2025-12,전라남도,나주시,4614,3695
기초생계급여,2025-12,전라남도,광양시,3976,3062
기초생계급여,2025-12,전라남도,담양군,1973,1637
기초생계급여,2025-12,전라남도,곡성군,1464,1254
기초생계급여,2025-12,전라남도,구례군,1360,1122
기초생계급여,2025-12,전라남도,고흥군,4109,3464
기초생계급여,2025-12,전라남도,보성군,2167,1789
기초생계급여,2025-12,전라남도,화순군,2429,1993
기초생계급여,2025-12,전라남도,장흥군,2099,1705
기초생계급여,2025-12,전라남도,강진군,1977,1554
기초생계급여,2025-12,전라남도,해남군,3539,2933
기초생계급여,2025-12,전라남도,영암군,1845,1525
기초생계급여,2025-12,전라남도,무안군,2551,2052
기초생계급여,2025-12,전라남도,함평군,1759,1453
기초생계급여,2025-12,전라남도,영광군,2778,2219
기초생계급여,2025-12,전라남도,장성군,1883,1562
기초생계급여,2025-12,전라남도,완도군,2789,2336
기초생계급여,2025-12,전라남도,진도군,1912,1580
기초생계급여,2025-12,전라남도,신안군,1789,1494
기초생계급여,2025-12,경상북도,포항시,442,441
기초생계급여,2025-12,경상북도,포항시남구,10345,8332
기초생계급여,2025-12,경상북도,포항시북구,11748,9285
기초생계급여,2025-12,경상북도,경주시,11297,9211
기초생계급여,2025-12,경상북도,김천시,6299,5210
기초생계급여,2025-12,경상북도,안동시,8691,7193
기초생계급여,2025-12,경상북도,구미시,11529,8857
기초생계급여,2025-12,경상북도,영주시,5994,4900
기초생계급여,2025-12,경상북도,영천시,6128,5074
기초생계급여,2025-12,경상북도,상주시,4537,3868
기초생계급여,2025-12,경상북도,문경시,2844,2482
기초생계급여,2025-12,경상북도,경산시,10515,8408
기초생계급여,2025-12,경상북도,의성군,2822,2506
기초생계급여,2025-12,경상북도,청송군,1254,1081
기초생계급여,2025-12,경상북도,영양군,944,751
기초생계급여,2025-12,경상북도,영덕군,2378,2073
기초생계급여,2025-12,경상북도,청도군,2077,1819
기초생계급여,2025-12,경상북도,고령군,1740,1487
기초생계급여,2025-12,경상북도,성주군,2099,1786
기초생계급여,2025-12,경상북도,칠곡군,4353,3563
기초생계급여,2025-12,경상북도,예천군,2251,1903
기초생계급여,2025-12,경상북도,봉화군,1317,1145
기초생계급여,2025-12,경상북도,울진군,2620,2240
기초생계급여,2025-12,경상북도,울릉군,222,191
기초생계급여,2025-12,경상남도,창원시,119,119
기초생계급여,2025-12,경상남도,창원시의창구,6972,5631
기초생계급여,2025-12,경상남도,창원시성산구,3244,2654
기초생계급여,2025-12,경상남도,창원시마산합포구,7710,6658
기초생계급여,2025-12,경상남도,창원시마산회원구,6984,5958
기초생계급여,2025-12,경상남도,창원시진해구,5764,4855
기초생계급여,2025-12,경상남도,진주시,13099,10464
기초생계급여,2025-12,경상남도,통영시,7378,5883
기초생계급여,2025-12,경상남도,사천시,4892,4089
기초생계급여,2025-12,경상남도,김해시,18980,14791
기초생계급여,2025-12,경상남도,밀양시,5186,4308
기초생계급여,2025-12,경상남도,거제시,6794,5436
기초생계급여,2025-12,경상남도,양산시,13344,10413
기초생계급여,2025-12,경상남도,의령군,1664,1454
기초생계급여,2025-12,경상남도,함안군,2647,2251
기초생계급여,2025-12,경상남도,창녕군,3243,2757
기초생계급여,2025-12,경상남도,고성군,2749,2339
기초생계급여,2025-12,경상남도,남해군,2063,1726
기초생계급여,2025-12,경상남도,하동군,2430,2027
기초생계급여,2025-12,경상남도,산청군,1632,1404
기초생계급여,2025-12,경상남도,함양군,2075,1749
기초생계급여,2025-12,경상남도,거창군,2900,2353
기초생계급여,2025-12,경상남도,합천군,2126,1798
기초생계급여,2025-12,제주특별자치도,제주시,19288,14418
기초생계급여,2025-12,제주특별자치도,서귀포시,7498,5844
기초생계급여,2025-12,강원특별자치도,춘천시,12173,9885
기초생계급여,2025-12,강원특별자치도,원주시,13093,10570
기초생계급여,2025-12,강원특별자치도,강릉시,9202,7690
기초생계급여,2025-12,강원특별자치도,동해시,3640,3035
기초생계급여,2025-12,강원특별자치도,태백시,1716,1458
기초생계급여,2025-12,강원특별자치도,속초시,4149,3413
기초생계급여,2025-12,강원특별자치도,삼척시,3035,2497
기초생계급여,2025-12,강원특별자치도,홍천군,2370,1973
기초생계급여,2025-12,강원특별자치도,횡성군,1581,1322
기초생계급여,2025-12,강원특별자치도,영월군,1314,1127
기초생계급여,2025-12,강원특별자치도,평창군,1087,951
기초생계급여,2025-12,강원특별자치도,정선군,1301,1157
기초생계급여,2025-12,강원특별자치도,철원군,1435,1237
기초생계급여,2025-12,강원특별자치도,화천군,712,619
기초생계급여,2025-12,강원특별자치도,양구군,883,723
기초생계급여,2025-12,강원특별자치도,인제군,1039,878
기초생계급여,2025-12,강원특별자치도,고성군,1058,894
기초생계급여,2025-12,강원특별자치도,양양군,1267,1119
기초생계급여,2025-12,전북특별자치도,전주시,769,764
기초생계급여,2025-12,전북특별자치도,전주시 완산구,16377,12194
기초생계급여,2025-12,전북특별자치도,전주시 덕진구,12202,8954
기초생계급여,2025-12,전북특별자치도,군산시,13065,10436
기초생계급여,2025-12,전북특별자치도,익산시,17069,13164
기초생계급여,2025-12,전북특별자치도,정읍시,6809,5425
기초생계급여,2025-12,전북특별자치도,남원시,4797,3807
기초생계급여,2025-12,전북특별자치도,김제시,6105,4916
기초생계급여,2025-12,전북특별자치도,완주군,5189,3977
기초생계급여,2025-12,전북특별자치도,진안군,1198,1003
기초생계급여,2025-12,전북특별자치도,무주군,1024,865
기초생계급여,2025-12,전북특별자치도,장수군,892,718
기초생계급여,2025-12,전북특별자치도,임실군,1487,1195
기초생계급여,2025-12,전북특별자치도,순창군,1414,1118
기초생계급여,2025-12,전북특별자치도,고창군,2829,2390
기초생계급여,2025-12,전북특별자치도,부안군,2649,2243
기초의료급여,2025-12,서울특별시,종로구,4049,3655
기초의료급여,2025-12,서울특별시,중구,3776,3363
기초의료급여,2025-12,서울특별시,용산구,5936,5017
기초의료급여,2025-12,서울특별시,성동구,6247,5164
기초의료급여,2025-12,서울특별시,광진구,7633,6263
기초의료급여,2025-12,서울특별시,동대문구,10778,9064
기초의료급여,2025-12,서울특별시,중랑구,16703,13688
기초의료급여,2025-12,서울특별시,성북구,11359,9086
기초의료급여,2025-12,서울특별시,강북구,15850,12630
기초의료급여,2025-12,서울특별시,도봉구,10799,8553
기초의료급여,2025-12,서울특별시,노원구,20624,15963
기초의료급여,2025-12,서울특별시,은평구,16315,13053
기초의료급여,2025-12,서울특별시,서대문구,6595,5515
기초의료급여,2025-12,서울특별시,마포구,7338,5781
기초의료급여,2025-12,서울특별시,양천구,10639,8600
기초의료급여,2025-12,서울특별시,강서구,21532,17178
기초의료급여,2025-12,서울특별시,구로구,10204,8252
기초의료급여,2025-12,서울특별시,금천구,9635,7886
기초의료급여,2025-12,서울특별시,영등포구,8460,7530
기초의료급여,2025-12,서울특별시,동작구,7336,6154
기초의료급여,2025-12,서울특별시,관악구,15304,12758
기초의료급여,2025-12,서울특별시,서초구,4567,3594
기초의료급여,2025-12,서울특별시,강남구,10374,8102
기초의료급여,2025-12,서울특별시,송파구,9958,7967
기초의료급여,2025-12,서울특별시,강동구,10913,8997
기초의료급여,2025-12,부산광역시,중구,3386,2877
기초의료급여,2025-12,부산광역시,서구,6619,5528
기초의료급여,2025-12,부산광역시,동구,6898,5516
기초의료급여,2025-12,부산광역시,영도구,9125,7392
기초의료급여,2025-12,부산광역시,부산진구,15624,12579
기초의료급여,2025-12,부산광역시,동래구,8106,6630
기초의료급여,2025-12,부산광역시,남구,8107,6493
기초의료급여,2025-12,부산광역시,북구,15369,12143
기초의료급여,2025-12,부산광역시,해운대구,13944,11026
기초의료급여,2025-12,부산광역시,사하구,17337,13696
기초의료급여,2025-12,부산광역시,금정구,9108,7512
기초의료급여,2025-12,부산광역시,강서구,2803,2149
기초의료급여,2025-12,부산광역시,연제구,8038,6542
기초의료급여,2025-12,부산광역시,수영구,6215,5016
기초의료급여,2025-12,부산광역시,사상구,12141,9711
기초의료급여,2025-12,부산광역시,기장군,6581,4935
기초의료급여,2025-12,대구광역시,중구,2762,2234
기초의료급여,2025-12,대구광역시,동구,15410,12519
기초의료급여,2025-12,대구광역시,서구,11609,9298
기초의료급여,2025-12,대구광역시,남구,10480,8481
기초의료급여,2025-12,대구광역시,북구,14097,11245
기초의료급여,2025-12,대구광역시,수성구,14162,11050
기초의료급여,2025-12,대구광역시,달서구,22511,17767
기초의료급여,2025-12,대구광역시,달성군,8264,6132
기초의료급여,2025-12,대구광역시,군위군,825,665
기초의료급여,2025-12,인천광역시,중구,5358,4313
기초의료급여,2025-12,인천광역시,동구,2515,2083
기초의료급여,2025-12,인천광역시,미추홀구,19680,15191
기초의료급여,2025-12,인천광역시,연수구,7924,6197
기초의료급여,2025-12,인천광역시,남동구,22775,17310
기초의료급여,2025-12,인천광역시,부평구,20390,15868
기초의료급여,2025-12,인천광역시,계양구,9549,7467
기초의료급여,2025-12,인천광역시,서구,18005,13656
기초의료급여,2025-12,인천광역시,강화군,2888,2379
기초의료급여,2025-12,인천광역시,옹진군,438,393
기초의료급여,2025-12,광주광역시,동구,4825,3966
기초의료급여,2025-12,광주광역시,서구,10776,8175
기초의료급여,2025-12,광주광역시,남구,8089,6161
기초의료급여,2025-12,광주광역시,북구,20685,15586
기초의료급여,2025-12,광주광역시,광산구,14225,9857
기초의료급여,2025-12,대전광역시,동구,12256,9888
기초의료급여,2025-12,대전광역시,중구,9961,7958
기초의료급여,2025-12,대전광역시,서구,13498,10395
기초의료급여,2025-12,대전광역시,유성구,6821,5334
기초의료급여,2025-12,대전광역시,대덕구,7977,6179
기초의료급여,2025-12,울산광역시,중구,5718,4782
기초의료급여,2025-12,울산광역시,남구,6897,5857
기초의료급여,2025-12,울산광역시,동구,3565,2751
기초의료급여,2025-12,울산광역시,북구,3327,2500
기초의료급여,2025-12,울산광역시,울주군,5022,4220
기초의료급여,2025-12,세종특별자치시,세종특별자치시,4106,3300
기초의료급여,2025-12,경기도,수원시,152,152
기초의료급여,2025-12,경기도,수원시장안구,4623,3868
기초의료급여,2025-12,경기도,수원시권선구,6215,5180
기초의료급여,2025-12,경기도,수원시팔달구,5330,4580
기초의료급여,2025-12,경기도,수원시영통구,2078,1771
기초의료급여,2025-12,경기도,성남시,358,358
기초의료급여,2025-12,경기도,성남시수정구,8319,6951
기초의료급여,2025-12,경기도,성남시중원구,5833,4799
기초의료급여,2025-12,경기도,성남시분당구,5030,3971
기초의료급여,2025-12,경기도,의정부시,13926,11450
기초의료급여,2025-12,경기도,안양시,344,344
기초의료급여,2025-12,경기도,안양시만안구,4880,4061
기초의료급여,2025-12,경기도,안양시동안구,2939,2382
기초의료급여,2025-12,경기도,부천시,15,15
기초의료급여,2025-12,경기도,부천시 원미구,8678,7274
기초의료급여,2025-12,경기도,부천시 소사구,5403,4493
기초의료급여,2025-12,경기도,부천시 오정구,4521,3521
기초의료급여,2025-12,경기도,광명시,4924,3914
기초의료급여,2025-12,경기도,평택시,11695,9366
기초의료급여,2025-12,경기도,동두천시,4975,4041
기초의료급여,2025-12,경기도,안산시,837,836
기초의료급여,2025-12,경기도,안산시상록구,10603,8164
기초의료급여,2025-12,경기도,안산시단원구,7236,5763
기초의료급여,2025-12,경기도,고양시,1276,1274
기초의료급여,2025-12,경기도,고양시덕양구,11385,9237
기초의료급여,2025-12,경기도,고양시일산동구,4807,3873
기초의료급여,2025-12,경기도,고양시일산서구,3601,2906
기초의료급여,2025-12,경기도,과천시,724,578
기초의료급여,2025-12,경기도,구리시,4486,3733
기초의료급여,2025-12,경기도,남양주시,15714,12723
기초의료급여,2025-12,경기도,오산시,3909,3256
기초의료급여,2025-12,경기도,시흥시,11270,9045
기초의료급여,2025-12,경기도,군포시,5693,4681
기초의료급여,2025-12,경기도,의왕시,1645,1379
기초의료급여,2025-12,경기도,하남시,4296,3581
기초의료급여,2025-12,경기도,용인시,362,362
기초의료급여,2025-12,경기도,용인시처인구,4076,3379
기초의료급여,2025-12,경기도,용인시기흥구,4328,3514
기초의료급여,2025-12,경기도,용인시수지구,1063,910
기초의료급여,2025-12,경기도,파주시,13055,10378
기초의료급여,2025-12,경기도,이천시,4498,3649
기초의료급여,2025-12,경기도,안성시,5581,4563
기초의료급여,2025-12,경기도,김포시,8410,6666
기초의료급여,2025-12,경기도,화성시,9857,8155
기초의료급여,2025-12,경기도,광주시,5801,4680
기초의료급여,2025-12,경기도,양주시,8493,6692
기초의료급여,2025-12,경기도,포천시,6175,5064
기초의료급여,2025-12,경기도,여주시,4148,3444
기초의료급여,2025-12,경기도,연천군,1853,1575
기초의료급여,2025-12,경기도,가평군,2972,2601
기초의료급여,2025-12,경기도,양평군,3800,3261
기초의료급여,2025-12,충청북도,청주시,1195,1195
기초의료급여,2025-12,충청북도,청주시상당구,5392,4351
기초의료급여,2025-12,충청북도,청주시서원구,5752,4706
기초의료급여,2025-12,충청북도,청주시흥덕구,4302,3355
기초의료급여,2025-12,충청북도,청주시청원구,3428,2711
기초의료급여,2025-12,충청북도,충주시,7529,6128
기초의료급여,2025-12,충청북도,제천시,4845,4009
기초의료급여,2025-12,충청북도,보은군,1175,967
기초의료급여,2025-12,충청북도,옥천군,1799,1494
기초의료급여,2025-12,충청북도,영동군,1768,1421
기초의료급여,2025-12,충청북도,증평군,1305,1064
기초의료급여,2025-12,충청북도,진천군,1982,1586
기초의료급여,2025-12,충청북도,괴산군,1484,1159
기초의료급여,2025-12,충청북도,음성군,4084,3500
기초의료급여,2025-12,충청북도,단양군,1038,863
기초의료급여,2025-12,충청남도,천안시,875,875
기초의료급여,2025-12,충청남도,천안시 동남구,6613,5311
기초의료급여,2025-12,충청남도,천안시 서북구,6840,5454
기초의료급여,2025-12,충청남도,공주시,4184,3460
기초의료급여,2025-12,충청남도,보령시,3696,3044
기초의료급여,2025-12,충청남도,아산시,8291,6678
기초의료급여,2025-12,충청남도,서산시,3529,2892
기초의료급여,2025-12,충청남도,논산시,6042,4845
기초의료급여,2025-12,충청남도,계룡시,490,399
기초의료급여,2025-12,충청남도,당진시,2964,2467
기초의료급여,2025-12,충청남도,금산군,1659,1364
기초의료급여,2025-12,충청남도,부여군,2623,2132
기초의료급여,2025-12,충청남도,서천군,2151,1776
기초의료급여,2025-12,충청남도,청양군,910,730
기초의료급여,2025-12,충청남도,홍성군,2995,2450
기초의료급여,2025-12,충청남도,예산군,2515,2092
기초의료급여,2025-12,충청남도,태안군,1864,1546
기초의료급여,2025-12,전라남도,목포시,11216,8771
기초의료급여,2025-12,전라남도,여수시,7714,6346
기초의료급여,2025-12,전라남도,순천시,6437,5226
기초의료급여,2025-12,전라남도,나주시,3818,3076
기초의료급여,2025-12,전라남도,광양시,3198,2455
기초의료급여,2025-12,전라남도,담양군,1535,1250
기초의료급여,2025-12,전라남도,곡성군,1198,987
기초의료급여,2025-12,전라남도,구례군,1087,868
기초의료급여,2025-12,전라남도,고흥군,3009,2487
기초의료급여,2025-12,전라남도,보성군,1736,1391
기초의료급여,2025-12,전라남도,화순군,2015,1637
기초의료급여,2025-12,전라남도,장흥군,1702,1309
기초의료급여,2025-12,전라남도,강진군,1605,1195
기초의료급여,2025-12,전라남도,해남군,2699,2174
기초의료급여,2025-12,전라남도,영암군,1473,1193
기초의료급여,2025-12,전라남도,무안군,1821,1442
기초의료급여,2025-12,전라남도,함평군,1321,1066
기초의료급여,2025-12,전라남도,영광군,2301,1791
기초의료급여,2025-12,전라남도,장성군,1434,1152
기초의료급여,2025-12,전라남도,완도군,1703,1395
기초의료급여,2025-12,전라남도,진도군,1367,1091
기초의료급여,2025-12,전라남도,신안군,1396,1121
기초의료급여,2025-12,경상북도,포항시,540,539
기초의료급여,2025-12,경상북도,포항시남구,8878,7146
기초의료급여,2025-12,경상북도,포항시북구,9879,7783
기초의료급여,2025-12,경상북도,경주시,9035,7423
기초의료급여,2025-12,경상북도,김천시,5156,4212
기초의료급여,2025-12,경상북도,안동시,7282,5956
기초의료급여,2025-12,경상북도,구미시,9563,7488
기초의료급여,2025-12,경상북도,영주시,4692,3824
기초의료급여,2025-12,경상북도,영천시,5273,4327
기초의료급여,2025-12,경상북도,상주시,3483,2955
기초의료급여,2025-12,경상북도,문경시,2367,2029
기초의료급여,2025-12,경상북도,경산시,8693,6940
기초의료급여,2025-12,경상북도,의성군,2109,1826
기초의료급여,2025-12,경상북도,청송군,1003,845
기초의료급여,2025-12,경상북도,영양군,721,560
기초의료급여,2025-12,경상북도,영덕군,1762,1526
기초의료급여,2025-12,경상북도,청도군,1683,1469
기초의료급여,2025-12,경상북도,고령군,1437,1214
기초의료급여,2025-12,경상북도,성주군,1732,1452
기초의료급여,2025-12,경상북도,칠곡군,3895,3140
기초의료급여,2025-12,경상북도,예천군,1804,1474
기초의료급여,2025-12,경상북도,봉화군,1012,850
기초의료급여,2025-12,경상북도,울진군,1967,1638
기초의료급여,2025-12,경상북도,울릉군,164,142
기초의료급여,2025-12,경상남도,창원시,147,147
기초의료급여,2025-12,경상남도,창원시의창구,6089,4904
기초의료급여,2025-12,경상남도,창원시성산구,2747,2251
기초의료급여,2025-12,경상남도,창원시마산합포구,6603,5740
기초의료급여,2025-12,경상남도,창원시마산회원구,6036,5139
기초의료급여,2025-12,경상남도,창원시진해구,4827,4044
기초의료급여,2025-12,경상남도,진주시,11157,8979
기초의료급여,2025-12,경상남도,통영시,6019,4804
기초의료급여,2025-12,경상남도,사천시,4151,3481
기초의료급여,2025-12,경상남도,김해시,15695,12358
기초의료급여,2025-12,경상남도,밀양시,4184,3451
기초의료급여,2025-12,경상남도,거제시,5093,4225
기초의료급여,2025-12,경상남도,양산시,10552,8373
기초의료급여,2025-12,경상남도,의령군,1359,1158
기초의료급여,2025-12,경상남도,함안군,2092,1753
기초의료급여,2025-12,경상남도,창녕군,2475,2082
기초의료급여,2025-12,경상남도,고성군,2280,1929
기초의료급여,2025-12,경상남도,남해군,1523,1258
기초의료급여,2025-12,경상남도,하동군,2077,1694
기초의료급여,2025-12,경상남도,산청군,1366,1165
기초의료급여,2025-12,경상남도,함양군,1700,1396
기초의료급여,2025-12,경상남도,거창군,2217,1744
기초의료급여,2025-12,경상남도,합천군,1835,1502
기초의료급여,2025-12,제주특별자치도,제주시,15291,11784
기초의료급여,2025-12,제주특별자치도,서귀포시,6264,4943
기초의료급여,2025-12,강원특별자치도,춘천시,10618,8514
기초의료급여,2025-12,강원특별자치도,원주시,11356,9211
기초의료급여,2025-12,강원특별자치도,강릉시,7299,6089
기초의료급여,2025-12,강원특별자치도,동해시,2997,2468
기초의료급여,2025-12,강원특별자치도,태백시,1569,1299
기초의료급여,2025-12,강원특별자치도,속초시,3459,2860
기초의료급여,2025-12,강원특별자치도,삼척시,2395,1946
기초의료급여,2025-12,강원특별자치도,홍천군,1983,1616
기초의료급여,2025-12,강원특별자치도,횡성군,1356,1117
기초의료급여,2025-12,강원특별자치도,영월군,1077,923
기초의료급여,2025-12,강원특별자치도,평창군,903,771
기초의료급여,2025-12,강원특별자치도,정선군,1030,904
기초의료급여,2025-12,강원특별자치도,철원군,1162,979
기초의료급여,2025-12,강원특별자치도,화천군,650,558
기초의료급여,2025-12,강원특별자치도,양구군,807,634
기초의료급여,2025-12,강원특별자치도,인제군,848,702
기초의료급여,2025-12,강원특별자치도,고성군,945,767
기초의료급여,2025-12,강원특별자치도,양양군,1178,1014
기초의료급여,2025-12,전북특별자치도,전주시,701,698
기초의료급여,2025-12,전북특별자치도,전주시 완산구,13620,10194
기초의료급여,2025-12,전북특별자치도,전주시 덕진구,10056,7391
기초의료급여,2025-12,전북특별자치도,군산시,11210,8866
기초의료급여,2025-12,전북특별자치도,익산시,14417,11073
기초의료급여,2025-12,전북특별자치도,정읍시,5542,4349
기초의료급여,2025-12,전북특별자치도,남원시,4217,3273
기초의료급여,2025-12,전북특별자치도,김제시,5106,3958
기초의료급여,2025-12,전북특별자치도,완주군,4493,3385
기초의료급여,2025-12,전북특별자치도,진안군,1016,805
기초의료급여,2025-12,전북특별자치도,무주군,822,663
기초의료급여,2025-12,전북특별자치도,장수군,847,645
기초의료급여,2025-12,전북특별자치도,임실군,1244,958
기초의료급여,2025-12,전북특별자치도,순창군,1126,862
기초의료급여,2025-12,전북특별자치도,고창군,2121,1746
기초의료급여,2025-12,전북특별자치도,부안군,2084,1748
기초주거급여,2025-12,서울특별시,종로구,5779,4889
기초주거급여,2025-12,서울특별시,중구,6140,5146
기초주거급여,2025-12,서울특별시,용산구,9042,7152
기초주거급여,2025-12,서울특별시,성동구,10572,8273
기초주거급여,2025-12,서울특별시,광진구,15620,11708
기초주거급여,2025-12,서울특별시,동대문구,16777,13424
기초주거급여,2025-12,서울특별시,중랑구,31447,23295
기초주거급여,2025-12,서울특별시,성북구,18836,14171
기초주거급여,2025-12,서울특별시,강북구,25978,19757
기초주거급여,2025-12,서울특별시,도봉구,19133,14028
기초주거급여,2025-12,서울특별시,노원구,33406,24621
기초주거급여,2025-12,서울특별시,은평구,28118,20683
기초주거급여,2025-12,서울특별시,서대문구,12474,9542
기초주거급여,2025-12,서울특별시,마포구,12487,9436
기초주거급여,2025-12,서울특별시,양천구,20036,14907
기초주거급여,2025-12,서울특별시,강서구,35271,26315
기초주거급여,2025-12,서울특별시,구로구,17402,12886
기초주거급여,2025-12,서울특별시,금천구,15253,11922
기초주거급여,2025-12,서울특별시,영등포구,12644,10664
기초주거급여,2025-12,서울특별시,동작구,13856,10892
기초주거급여,2025-12,서울특별시,관악구,26475,21204
기초주거급여,2025-12,서울특별시,서초구,8248,5981
기초주거급여,2025-12,서울특별시,강남구,17542,13143
기초주거급여,2025-12,서울특별시,송파구,20453,14952
기초주거급여,2025-12,서울특별시,강동구,20198,15527
기초주거급여,2025-12,부산광역시,중구,5004,4106
기초주거급여,2025-12,부산광역시,서구,10912,8489
기초주거급여,2025-12,부산광역시,동구,10830,8373
기초주거급여,2025-12,부산광역시,영도구,13641,10551
기초주거급여,2025-12,부산광역시,부산진구,25909,19741
기초주거급여,2025-12,부산광역시,동래구,15012,11180
기초주거급여,2025-12,부산광역시,남구,13887,10513
기초주거급여,2025-12,부산광역시,북구,24564,18272
기초주거급여,2025-12,부산광역시,해운대구,24563,18046
기초주거급여,2025-12,부산광역시,사하구,27770,20549
기초주거급여,2025-12,부산광역시,금정구,15290,11722
기초주거급여,2025-12,부산광역시,강서구,5361,3635
기초주거급여,2025-12,부산광역시,연제구,13673,10427
기초주거급여,2025-12,부산광역시,수영구,11018,8454
기초주거급여,2025-12,부산광역시,사상구,17090,13206
기초주거급여,2025-12,부산광역시,기장군,13422,9082
기초주거급여,2025-12,대구광역시,중구,5028,3779
기초주거급여,2025-12,대구광역시,동구,24598,18539
기초주거급여,2025-12,대구광역시,서구,18385,13827
기초주거급여,2025-12,대구광역시,남구,16501,12513
기초주거급여,2025-12,대구광역시,북구,24892,18025
기초주거급여,2025-12,대구광역시,수성구,21935,15807
기초주거급여,2025-12,대구광역시,달서구,36856,27060
기초주거급여,2025-12,대구광역시,달성군,14560,9356
기초주거급여,2025-12,대구광역시,군위군,1145,876
기초주거급여,2025-12,인천광역시,중구,9390,6758
기초주거급여,2025-12,인천광역시,동구,3759,2944
기초주거급여,2025-12,인천광역시,미추홀구,32431,23059
기초주거급여,2025-12,인천광역시,연수구,13467,9630
기초주거급여,2025-12,인천광역시,남동구,39509,27908
기초주거급여,2025-12,인천광역시,부평구,34327,24537
기초주거급여,2025-12,인천광역시,계양구,19822,14013
기초주거급여,2025-12,인천광역시,서구,32375,21860
기초주거급여,2025-12,인천광역시,강화군,4301,3282
기초주거급여,2025-12,인천광역시,옹진군,577,485
기초주거급여,2025-12,광주광역시,동구,7015,5429
기초주거급여,2025-12,광주광역시,서구,19155,13392
기초주거급여,2025-12,광주광역시,남구,15290,10516
기초주거급여,2025-12,광주광역시,북구,35044,24636
기초주거급여,2025-12,광주광역시,광산구,25171,15843
기초주거급여,2025-12,대전광역시,동구,19466,14442
기초주거급여,2025-12,대전광역시,중구,15068,11343
기초주거급여,2025-12,대전광역시,서구,21671,15354
기초주거급여,2025-12,대전광역시,유성구,12274,8633
기초주거급여,2025-12,대전광역시,대덕구,12935,9251
기초주거급여,2025-12,울산광역시,중구,10646,8130
기초주거급여,2025-12,울산광역시,남구,13095,10079
기초주거급여,2025-12,울산광역시,동구,7011,4838
기초주거급여,2025-12,울산광역시,북구,7366,4873
기초주거급여,2025-12,울산광역시,울주군,9195,6693
기초주거급여,2025-12,세종특별자치시,세종특별자치시,9490,6222
기초주거급여,2025-12,경기도,수원시,77,77
기초주거급여,2025-12,경기도,수원시장안구,8580,6657
기초주거급여,2025-12,경기도,수원시권선구,11631,8842
기초주거급여,2025-12,경기도,수원시팔달구,8259,6698
기초주거급여,2025-12,경기도,수원시영통구,4307,3363
기초주거급여,2025-12,경기도,성남시,100,100
기초주거급여,2025-12,경기도,성남시수정구,14876,11472
기초주거급여,2025-12,경기도,성남시중원구,11260,8356
기초주거급여,2025-12,경기도,성남시분당구,9208,6739
기초주거급여,2025-12,경기도,의정부시,27227,19724
기초주거급여,2025-12,경기도,안양시,42,42
기초주거급여,2025-12,경기도,안양시만안구,9994,7710
기초주거급여,2025-12,경기도,안양시동안구,6171,4593
기초주거급여,2025-12,경기도,부천시 원미구,15190,11718
기초주거급여,2025-12,경기도,부천시 소사구,9413,7250
기초주거급여,2025-12,경기도,부천시 오정구,8374,6003
기초주거급여,2025-12,경기도,광명시,9939,7153
기초주거급여,2025-12,경기도,평택시,21370,15227
기초주거급여,2025-12,경기도,동두천시,9178,6472
기초주거급여,2025-12,경기도,안산시,82,81
기초주거급여,2025-12,경기도,안산시상록구,21862,15220
기초주거급여,2025-12,경기도,안산시단원구,14385,10413
기초주거급여,2025-12,경기도,고양시,180,178
기초주거급여,2025-12,경기도,고양시덕양구,23001,17128
기초주거급여,2025-12,경기도,고양시일산동구,10566,7611
기초주거급여,2025-12,경기도,고양시일산서구,7035,5092
기초주거급여,2025-12,경기도,과천시,1315,972
기초주거급여,2025-12,경기도,구리시,8759,6579
기초주거급여,2025-12,경기도,남양주시,30885,21957
기초주거급여,2025-12,경기도,오산시,8253,5888
기초주거급여,2025-12,경기도,시흥시,20484,14767
기초주거급여,2025-12,경기도,군포시,11790,8557
기초주거급여,2025-12,경기도,의왕시,3991,2916
기초주거급여,2025-12,경기도,하남시,8930,6761
기초주거급여,2025-12,경기도,용인시,209,208
기초주거급여,2025-12,경기도,용인시처인구,8420,6075
기초주거급여,2025-12,경기도,용인시기흥구,11825,8173
기초주거급여,2025-12,경기도,용인시수지구,3284,2388
기초주거급여,2025-12,경기도,파주시,27447,18460
기초주거급여,2025-12,경기도,이천시,7904,5821
기초주거급여,2025-12,경기도,안성시,8534,6444
기초주거급여,2025-12,경기도,김포시,16866,11943
기초주거급여,2025-12,경기도,화성시,21538,15816
기초주거급여,2025-12,경기도,광주시,11888,8185
기초주거급여,2025-12,경기도,양주시,17327,11612
기초주거급여,2025-12,경기도,포천시,9798,7284
기초주거급여,2025-12,경기도,여주시,6592,4840
기초주거급여,2025-12,경기도,연천군,2945,2341
기초주거급여,2025-12,경기도,가평군,4192,3335
기초주거급여,2025-12,경기도,양평군,5691,4359
기초주거급여,2025-12,충청북도,청주시,259,259
기초주거급여,2025-12,충청북도,청주시상당구,10276,7466
기초주거급여,2025-12,충청북도,청주시서원구,10335,7759
기초주거급여,2025-12,충청북도,청주시흥덕구,9337,6528
기초주거급여,2025-12,충청북도,청주시청원구,7441,5337
기초주거급여,2025-12,충청북도,충주시,11853,8880
기초주거급여,2025-12,충청북도,제천시,9318,7018
기초주거급여,2025-12,충청북도,보은군,1958,1521
기초주거급여,2025-12,충청북도,옥천군,3056,2304
기초주거급여,2025-12,충청북도,영동군,2437,1835
기초주거급여,2025-12,충청북도,증평군,2323,1751
기초주거급여,2025-12,충청북도,진천군,3250,2375
기초주거급여,2025-12,충청북도,괴산군,2021,1497
기초주거급여,2025-12,충청북도,음성군,5611,4390
기초주거급여,2025-12,충청북도,단양군,1444,1141
기초주거급여,2025-12,충청남도,천안시,218,218
기초주거급여,2025-12,충청남도,천안시 동남구,10612,7861
기초주거급여,2025-12,충청남도,천안시 서북구,11732,8413
기초주거급여,2025-12,충청남도,공주시,5649,4270
기초주거급여,2025-12,충청남도,보령시,5861,4458
기초주거급여,2025-12,충청남도,아산시,14627,10563
기초주거급여,2025-12,충청남도,서산시,6044,4509
기초주거급여,2025-12,충청남도,논산시,8347,6192
기초주거급여,2025-12,충청남도,계룡시,1419,983
기초주거급여,2025-12,충청남도,당진시,6215,4595
기초주거급여,2025-12,충청남도,금산군,2920,2160
기초주거급여,2025-12,충청남도,부여군,3563,2740
기초주거급여,2025-12,충청남도,서천군,3307,2612
기초주거급여,2025-12,충청남도,청양군,1204,907
기초주거급여,2025-12,충청남도,홍성군,5020,3743
기초주거급여,2025-12,충청남도,예산군,3863,2972
기초주거급여,2025-12,충청남도,태안군,3001,2306
기초주거급여,2025-12,전라남도,목포시,20148,14091
기초주거급여,2025-12,전라남도,여수시,13425,10165
기초주거급여,2025-12,전라남도,순천시,12033,8906
기초주거급여,2025-12,전라남도,나주시,5931,4224
기초주거급여,2025-12,전라남도,광양시,6110,4188
기초주거급여,2025-12,전라남도,담양군,2483,1894
기초주거급여,2025-12,전라남도,곡성군,1675,1336
기초주거급여,2025-12,전라남도,구례군,1517,1208
기초주거급여,2025-12,전라남도,고흥군,4223,3391
기초주거급여,2025-12,전라남도,보성군,2389,1855
기초주거급여,2025-12,전라남도,화순군,3564,2703
기초주거급여,2025-12,전라남도,장흥군,2190,1596
기초주거급여,2025-12,전라남도,강진군,2043,1469
기초주거급여,2025-12,전라남도,해남군,3711,2891
기초주거급여,2025-12,전라남도,영암군,1698,1227
기초주거급여,2025-12,전라남도,무안군,3348,2339
기초주거급여,2025-12,전라남도,함평군,1868,1475
기초주거급여,2025-12,전라남도,영광군,3155,2340
기초주거급여,2025-12,전라남도,장성군,2175,1675
기초주거급여,2025-12,전라남도,완도군,1522,1156
기초주거급여,2025-12,전라남도,진도군,1762,1397
기초주거급여,2025-12,전라남도,신안군,1284,991
기초주거급여,2025-12,경상북도,포항시,113,112
기초주거급여,2025-12,경상북도,포항시남구,15547,11621
기초주거급여,2025-12,경상북도,포항시북구,16715,12214
기초주거급여,2025-12,경상북도,경주시,14373,11007
기초주거급여,2025-12,경상북도,김천시,7696,5714
기초주거급여,2025-12,경상북도,안동시,11323,8744
기초주거급여,2025-12,경상북도,구미시,16200,11555
기초주거급여,2025-12,경상북도,영주시,7240,5520
기초주거급여,2025-12,경상북도,영천시,7476,5764
기초주거급여,2025-12,경상북도,상주시,4615,3588
기초주거급여,2025-12,경상북도,문경시,3186,2618
기초주거급여,2025-12,경상북도,경산시,15367,11124
기초주거급여,2025-12,경상북도,의성군,2625,2142
기초주거급여,2025-12,경상북도,청송군,1292,1058
기초주거급여,2025-12,경상북도,영양군,1030,782
기초주거급여,2025-12,경상북도,영덕군,2220,1760
기초주거급여,2025-12,경상북도,청도군,2233,1820
기초주거급여,2025-12,경상북도,고령군,2271,1713
기초주거급여,2025-12,경상북도,성주군,1637,1228
기초주거급여,2025-12,경상북도,칠곡군,6604,4553
기초주거급여,2025-12,경상북도,예천군,2556,1945
기초주거급여,2025-12,경상북도,봉화군,1321,1051
기초주거급여,2025-12,경상북도,울진군,2939,2362
기초주거급여,2025-12,경상북도,울릉군,221,173
기초주거급여,2025-12,경상남도,창원시,56,56
기초주거급여,2025-12,경상남도,창원시의창구,11271,8139
기초주거급여,2025-12,경상남도,창원시성산구,6094,4382
기초주거급여,2025-12,경상남도,창원시마산합포구,11494,8942
기초주거급여,2025-12,경상남도,창원시마산회원구,10855,8397
기초주거급여,2025-12,경상남도,창원시진해구,10040,7246
기초주거급여,2025-12,경상남도,진주시,18011,13417
기초주거급여,2025-12,경상남도,통영시,10637,7645
기초주거급여,2025-12,경상남도,사천시,6790,5115
기초주거급여,2025-12,경상남도,김해시,30118,20751
기초주거급여,2025-12,경상남도,밀양시,6644,5169
기초주거급여,2025-12,경상남도,거제시,10658,7489
기초주거급여,2025-12,경상남도,양산시,19473,14079
기초주거급여,2025-12,경상남도,의령군,1888,1560
기초주거급여,2025-12,경상남도,함안군,3331,2541
기초주거급여,2025-12,경상남도,창녕군,3199,2446
기초주거급여,2025-12,경상남도,고성군,2670,2020
기초주거급여,2025-12,경상남도,남해군,2383,1865
기초주거급여,2025-12,경상남도,하동군,2769,2146
기초주거급여,2025-12,경상남도,산청군,1837,1451
기초주거급여,2025-12,경상남도,함양군,2628,2056
기초주거급여,2025-12,경상남도,거창군,3375,2484
기초주거급여,2025-12,경상남도,합천군,2557,2091
기초주거급여,2025-12,제주특별자치도,제주시,27065,18366
기초주거급여,2025-12,제주특별자치도,서귀포시,10629,7424
기초주거급여,2025-12,강원특별자치도,춘천시,17133,12486
기초주거급여,2025-12,강원특별자치도,원주시,18779,13765
기초주거급여,2025-12,강원특별자치도,강릉시,13003,9883
기초주거급여,2025-12,강원특별자치도,동해시,5643,4272
기초주거급여,2025-12,강원특별자치도,태백시,2324,1816
기초주거급여,2025-12,강원특별자치도,속초시,5851,4427
기초주거급여,2025-12,강원특별자치도,삼척시,3941,3075
기초주거급여,2025-12,강원특별자치도,홍천군,2936,2245
기초주거급여,2025-12,강원특별자치도,횡성군,1810,1411
기초주거급여,2025-12,강원특별자치도,영월군,1515,1204
기초주거급여,2025-12,강원특별자치도,평창군,1200,959
기초주거급여,2025-12,강원특별자치도,정선군,1551,1311
기초주거급여,2025-12,강원특별자치도,철원군,1442,1104
기초주거급여,2025-12,강원특별자치도,화천군,1151,930
기초주거급여,2025-12,강원특별자치도,양구군,763,576
기초주거급여,2025-12,강원특별자치도,인제군,1212,939
기초주거급여,2025-12,강원특별자치도,고성군,1301,1026
기초주거급여,2025-12,강원특별자치도,양양군,1565,1275
기초주거급여,2025-12,전북특별자치도,전주시,153,149
기초주거급여,2025-12,전북특별자치도,전주시 완산구,24903,16968
기초주거급여,2025-12,전북특별자치도,전주시 덕진구,18574,12536
기초주거급여,2025-12,전북특별자치도,군산시,19823,14362
기초주거급여,2025-12,전북특별자치도,익산시,23271,16547
기초주거급여,2025-12,전북특별자치도,정읍시,8279,6089
기초주거급여,2025-12,전북특별자치도,남원시,6361,4644
기초주거급여,2025-12,전북특별자치도,김제시,7391,5403
기초주거급여,2025-12,전북특별자치도,완주군,6785,4646
기초주거급여,2025-12,전북특별자치도,진안군,1524,1143
기초주거급여,2025-12,전북특별자치도,무주군,1163,875
기초주거급여,2025-12,전북특별자치도,장수군,1215,856
기초주거급여,2025-12,전북특별자치도,임실군,1728,1287
기초주거급여,2025-12,전북특별자치도,순창군,1616,1176
기초주거급여,2025-12,전북특별자치도,고창군,2649,1952
기초주거급여,2025-12,전북특별자치도,부안군,3143,2407
기초교육급여,2025-12,서울특별시,종로구,316,246
기초교육급여,2025-12,서울특별시,중구,344,256
기초교육급여,2025-12,서울특별시,용산구,617,457
기초교육급여,2025-12,서울특별시,성동구,672,491
기초교육급여,2025-12,서울특별시,광진구,1310,928
기초교육급여,2025-12,서울특별시,동대문구,1189,848
기초교육급여,2025-12,서울특별시,중랑구,2563,1789
기초교육급여,2025-12,서울특별시,성북구,1674,1222
기초교육급여,2025-12,서울특별시,강북구,1948,1397
기초교육급여,2025-12,서울특별시,도봉구,1837,1302
기초교육급여,2025-12,서울특별시,노원구,2413,1771
기초교육급여,2025-12,서울특별시,은평구,2469,1799
기초교육급여,2025-12,서울특별시,서대문구,961,722
기초교육급여,2025-12,서울특별시,마포구,782,572
기초교육급여,2025-12,서울특별시,양천구,1802,1265
기초교육급여,2025-12,서울특별시,강서구,2595,1820
기초교육급여,2025-12,서울특별시,구로구,1685,1170
기초교육급여,2025-12,서울특별시,금천구,1114,826
기초교육급여,2025-12,서울특별시,영등포구,600,446
기초교육급여,2025-12,서울특별시,동작구,1025,765
기초교육급여,2025-12,서울특별시,관악구,1665,1220
기초교육급여,2025-12,서울특별시,서초구,699,454
기초교육급여,2025-12,서울특별시,강남구,1033,720
기초교육급여,2025-12,서울특별시,송파구,1805,1241
기초교육급여,2025-12,서울특별시,강동구,1669,1210
기초교육급여,2025-12,부산광역시,중구,292,203
기초교육급여,2025-12,부산광역시,서구,896,673
기초교육급여,2025-12,부산광역시,동구,715,487
기초교육급여,2025-12,부산광역시,영도구,1035,738
기초교육급여,2025-12,부산광역시,부산진구,2089,1472
기초교육급여,2025-12,부산광역시,동래구,1492,1032
기초교육급여,2025-12,부산광역시,남구,1298,939
기초교육급여,2025-12,부산광역시,북구,2064,1416
기초교육급여,2025-12,부산광역시,해운대구,2230,1570
기초교육급여,2025-12,부산광역시,사하구,2834,1967
기초교육급여,2025-12,부산광역시,금정구,1293,928
기초교육급여,2025-12,부산광역시,강서구,932,581
기초교육급여,2025-12,부산광역시,연제구,1201,856
기초교육급여,2025-12,부산광역시,수영구,924,686
기초교육급여,2025-12,부산광역시,사상구,1422,1019
기초교육급여,2025-12,부산광역시,기장군,1728,1113
기초교육급여,2025-12,대구광역시,중구,452,314
기초교육급여,2025-12,대구광역시,동구,2289,1598
기초교육급여,2025-12,대구광역시,서구,1755,1224
기초교육급여,2025-12,대구광역시,남구,1554,1137
기초교육급여,2025-12,대구광역시,북구,2956,2040
기초교육급여,2025-12,대구광역시,수성구,2287,1639
기초교육급여,2025-12,대구광역시,달서구,3713,2576
기초교육급여,2025-12,대구광역시,달성군,2328,1547
기초교육급여,2025-12,대구광역시,군위군,125,86
기초교육급여,2025-12,인천광역시,중구,1159,762
기초교육급여,2025-12,인천광역시,동구,370,255
기초교육급여,2025-12,인천광역시,미추홀구,4047,2804
기초교육급여,2025-12,인천광역시,연수구,1725,1134
기초교육급여,2025-12,인천광역시,남동구,4697,3228
기초교육급여,2025-12,인천광역시,부평구,3869,2695
기초교육급여,2025-12,인천광역시,계양구,2282,1584
기초교육급여,2025-12,인천광역시,서구,4819,3204
기초교육급여,2025-12,인천광역시,강화군,443,299
기초교육급여,2025-12,인천광역시,옹진군,49,32
기초교육급여,2025-12,광주광역시,동구,732,513
기초교육급여,2025-12,광주광역시,서구,2400,1639
기초교육급여,2025-12,광주광역시,남구,2077,1422
기초교육급여,2025-12,광주광역시,북구,4434,2973
기초교육급여,2025-12,광주광역시,광산구,4405,2921
기초교육급여,2025-12,대전광역시,동구,2169,1504
기초교육급여,2025-12,대전광역시,중구,1653,1160
기초교육급여,2025-12,대전광역시,서구,3034,2059
기초교육급여,2025-12,대전광역시,유성구,1638,1103
기초교육급여,2025-12,대전광역시,대덕구,1679,1140
기초교육급여,2025-12,울산광역시,중구,672,446
기초교육급여,2025-12,울산광역시,남구,662,463
기초교육급여,2025-12,울산광역시,동구,629,378
기초교육급여,2025-12,울산광역시,북구,696,425
기초교육급여,2025-12,울산광역시,울주군,715,503
기초교육급여,2025-12,세종특별자치시,세종특별자치시,1707,1084
기초교육급여,2025-12,경기도,수원시,13,13
기초교육급여,2025-12,경기도,수원시장안구,843,593
기초교육급여,2025-12,경기도,수원시권선구,1277,886
기초교육급여,2025-12,경기도,수원시팔달구,655,446
기초교육급여,2025-12,경기도,수원시영통구,417,285
기초교육급여,2025-12,경기도,성남시수정구,1217,861
기초교육급여,2025-12,경기도,성남시중원구,1365,955
기초교육급여,2025-12,경기도,성남시분당구,751,501
기초교육급여,2025-12,경기도,의정부시,3185,2193
기초교육급여,2025-12,경기도,안양시,3,3
기초교육급여,2025-12,경기도,안양시만안구,970,689
기초교육급여,2025-12,경기도,안양시동안구,648,462
기초교육급여,2025-12,경기도,부천시,1,1
기초교육급여,2025-12,경기도,부천시 원미구,1414,960
기초교육급여,2025-12,경기도,부천시 소사구,780,564
기초교육급여,2025-12,경기도,부천시 오정구,1026,703
기초교육급여,2025-12,경기도,광명시,1024,723
기초교육급여,2025-12,경기도,평택시,3407,2257
기초교육급여,2025-12,경기도,동두천시,1211,815
기초교육급여,2025-12,경기도,안산시상록구,3217,2180
기초교육급여,2025-12,경기도,안산시단원구,1794,1248
기초교육급여,2025-12,경기도,고양시,1,1
기초교육급여,2025-12,경기도,고양시덕양구,2063,1437
기초교육급여,2025-12,경기도,고양시일산동구,1169,805
기초교육급여,2025-12,경기도,고양시일산서구,846,581
기초교육급여,2025-12,경기도,과천시,92,63
기초교육급여,2025-12,경기도,구리시,811,578
기초교육급여,2025-12,경기도,남양주시,3684,2466
기초교육급여,2025-12,경기도,오산시,1238,834
기초교육급여,2025-12,경기도,시흥시,2745,1838
기초교육급여,2025-12,경기도,군포시,1272,886
기초교육급여,2025-12,경기도,의왕시,329,241
기초교육급여,2025-12,경기도,하남시,832,561
기초교육급여,2025-12,경기도,용인시,5,4
기초교육급여,2025-12,경기도,용인시처인구,1295,820
기초교육급여,2025-12,경기도,용인시기흥구,1250,833
기초교육급여,2025-12,경기도,용인시수지구,321,244
기초교육급여,2025-12,경기도,파주시,3791,2495
기초교육급여,2025-12,경기도,이천시,1179,772
기초교육급여,2025-12,경기도,안성시,1065,735
기초교육급여,2025-12,경기도,김포시,1991,1306
기초교육급여,2025-12,경기도,화성시,2783,1862
기초교육급여,2025-12,경기도,광주시,2098,1420
기초교육급여,2025-12,경기도,양주시,2556,1642
기초교육급여,2025-12,경기도,포천시,1140,765
기초교육급여,2025-12,경기도,여주시,979,693
기초교육급여,2025-12,경기도,연천군,290,191
기초교육급여,2025-12,경기도,가평군,362,235
기초교육급여,2025-12,경기도,양평군,751,503
기초교육급여,2025-12,충청북도,청주시,18,18
기초교육급여,2025-12,충청북도,청주시상당구,1602,1075
기초교육급여,2025-12,충청북도,청주시서원구,1333,900
기초교육급여,2025-12,충청북도,청주시흥덕구,1640,1119
기초교육급여,2025-12,충청북도,청주시청원구,1097,715
기초교육급여,2025-12,충청북도,충주시,1472,1028
기초교육급여,2025-12,충청북도,제천시,1046,689
기초교육급여,2025-12,충청북도,보은군,202,128
기초교육급여,2025-12,충청북도,옥천군,364,239
기초교육급여,2025-12,충청북도,영동군,288,195
기초교육급여,2025-12,충청북도,증평군,321,212
기초교육급여,2025-12,충청북도,진천군,494,314
기초교육급여,2025-12,충청북도,괴산군,193,120
기초교육급여,2025-12,충청북도,음성군,713,501
기초교육급여,2025-12,충청북도,단양군,156,96
기초교육급여,2025-12,충청남도,천안시,11,11
기초교육급여,2025-12,충청남도,천안시 동남구,1509,1049
기초교육급여,2025-12,충청남도,천안시 서북구,1883,1276
기초교육급여,2025-12,충청남도,공주시,737,487
기초교육급여,2025-12,충청남도,보령시,784,515
기초교육급여,2025-12,충청남도,아산시,2191,1457
기초교육급여,2025-12,충청남도,서산시,1016,674
기초교육급여,2025-12,충청남도,논산시,1172,786
기초교육급여,2025-12,충청남도,계룡시,257,170
기초교육급여,2025-12,충청남도,당진시,919,607
기초교육급여,2025-12,충청남도,금산군,388,259
기초교육급여,2025-12,충청남도,부여군,528,340
기초교육급여,2025-12,충청남도,서천군,294,190
기초교육급여,2025-12,충청남도,청양군,216,138
기초교육급여,2025-12,충청남도,홍성군,663,434
기초교육급여,2025-12,충청남도,예산군,489,328
기초교육급여,2025-12,충청남도,태안군,397,258
기초교육급여,2025-12,전라남도,목포시,3123,2102
기초교육급여,2025-12,전라남도,여수시,1785,1202
기초교육급여,2025-12,전라남도,순천시,1642,1100
기초교육급여,2025-12,전라남도,나주시,1096,709
기초교육급여,2025-12,전라남도,광양시,1177,749
기초교육급여,2025-12,전라남도,담양군,277,189
기초교육급여,2025-12,전라남도,곡성군,141,95
기초교육급여,2025-12,전라남도,구례군,156,105
기초교육급여,2025-12,전라남도,고흥군,408,270
기초교육급여,2025-12,전라남도,보성군,256,169
기초교육급여,2025-12,전라남도,화순군,409,263
기초교육급여,2025-12,전라남도,장흥군,324,202
기초교육급여,2025-12,전라남도,강진군,307,201
기초교육급여,2025-12,전라남도,해남군,490,342
기초교육급여,2025-12,전라남도,영암군,403,270
기초교육급여,2025-12,전라남도,무안군,682,436
기초교육급여,2025-12,전라남도,함평군,206,143
기초교육급여,2025-12,전라남도,영광군,430,285
기초교육급여,2025-12,전라남도,장성군,322,195
기초교육급여,2025-12,전라남도,완도군,303,197
기초교육급여,2025-12,전라남도,진도군,222,140
기초교육급여,2025-12,전라남도,신안군,341,202
기초교육급여,2025-12,경상북도,포항시,2,2
기초교육급여,2025-12,경상북도,포항시남구,1982,1356
기초교육급여,2025-12,경상북도,포항시북구,2175,1476
기초교육급여,2025-12,경상북도,경주시,1570,1097
기초교육급여,2025-12,경상북도,김천시,1057,742
기초교육급여,2025-12,경상북도,안동시,1089,739
기초교육급여,2025-12,경상북도,구미시,2538,1721
기초교육급여,2025-12,경상북도,영주시,787,514
기초교육급여,2025-12,경상북도,영천시,881,597
기초교육급여,2025-12,경상북도,상주시,590,408
기초교육급여,2025-12,경상북도,문경시,305,210
기초교육급여,2025-12,경상북도,경산시,2082,1422
기초교육급여,2025-12,경상북도,의성군,280,187
기초교육급여,2025-12,경상북도,청송군,93,64
기초교육급여,2025-12,경상북도,영양군,127,80
기초교육급여,2025-12,경상북도,영덕군,287,200
기초교육급여,2025-12,경상북도,청도군,201,137
기초교육급여,2025-12,경상북도,고령군,251,163
기초교육급여,2025-12,경상북도,성주군,273,184
기초교육급여,2025-12,경상북도,칠곡군,1182,772
기초교육급여,2025-12,경상북도,예천군,336,213
기초교육급여,2025-12,경상북도,봉화군,118,82
기초교육급여,2025-12,경상북도,울진군,245,170
기초교육급여,2025-12,경상북도,울릉군,25,17
기초교육급여,2025-12,경상남도,창원시,3,3
기초교육급여,2025-12,경상남도,창원시의창구,1589,1083
기초교육급여,2025-12,경상남도,창원시성산구,987,683
기초교육급여,2025-12,경상남도,창원시마산합포구,1326,915
기초교육급여,2025-12,경상남도,창원시마산회원구,1297,886
기초교육급여,2025-12,경상남도,창원시진해구,1606,1094
기초교육급여,2025-12,경상남도,진주시,2670,1784
기초교육급여,2025-12,경상남도,통영시,1525,1030
기초교육급여,2025-12,경상남도,사천시,933,610
기초교육급여,2025-12,경상남도,김해시,4965,3328
기초교육급여,2025-12,경상남도,밀양시,766,531
기초교육급여,2025-12,경상남도,거제시,2138,1380
기초교육급여,2025-12,경상남도,양산시,2509,1709
기초교육급여,2025-12,경상남도,의령군,184,122
기초교육급여,2025-12,경상남도,함안군,462,307
기초교육급여,2025-12,경상남도,창녕군,438,261
기초교육급여,2025-12,경상남도,고성군,449,302
기초교육급여,2025-12,경상남도,남해군,291,195
기초교육급여,2025-12,경상남도,하동군,313,203
기초교육급여,2025-12,경상남도,산청군,204,133
기초교육급여,2025-12,경상남도,함양군,351,227
기초교육급여,2025-12,경상남도,거창군,495,309
기초교육급여,2025-12,경상남도,합천군,169,110
기초교육급여,2025-12,제주특별자치도,제주시,4554,3029
기초교육급여,2025-12,제주특별자치도,서귀포시,1745,1155
기초교육급여,2025-12,강원특별자치도,춘천시,2050,1396
기초교육급여,2025-12,강원특별자치도,원주시,2464,1698
기초교육급여,2025-12,강원특별자치도,강릉시,1394,980
기초교육급여,2025-12,강원특별자치도,동해시,663,441
기초교육급여,2025-12,강원특별자치도,태백시,319,215
기초교육급여,2025-12,강원특별자치도,속초시,655,446
기초교육급여,2025-12,강원특별자치도,삼척시,364,250
기초교육급여,2025-12,강원특별자치도,홍천군,293,207
기초교육급여,2025-12,강원특별자치도,횡성군,175,114
기초교육급여,2025-12,강원특별자치도,영월군,206,131
기초교육급여,2025-12,강원특별자치도,평창군,111,72
기초교육급여,2025-12,강원특별자치도,정선군,151,98
기초교육급여,2025-12,강원특별자치도,철원군,220,140
기초교육급여,2025-12,강원특별자치도,화천군,100,67
기초교육급여,2025-12,강원특별자치도,양구군,125,75
기초교육급여,2025-12,강원특별자치도,인제군,153,92
기초교육급여,2025-12,강원특별자치도,고성군,113,75
기초교육급여,2025-12,강원특별자치도,양양군,119,83
기초교육급여,2025-12,전북특별자치도,전주시 완산구,3509,2346
기초교육급여,2025-12,전북특별자치도,전주시 덕진구,2893,1921
기초교육급여,2025-12,전북특별자치도,군산시,2616,1754
기초교육급여,2025-12,전북특별자치도,익산시,3235,2153
기초교육급여,2025-12,전북특별자치도,정읍시,1065,706
기초교육급여,2025-12,전북특별자치도,남원시,855,539
기초교육급여,2025-12,전북특별자치도,김제시,876,567
기초교육급여,2025-12,전북특별자치도,완주군,1067,686
기초교육급여,2025-12,전북특별자치도,진안군,188,119
기초교육급여,2025-12,전북특별자치도,무주군,160,106
기초교육급여,2025-12,전북특별자치도,장수군,167,110
기초교육급여,2025-12,전북특별자치도,임실군,245,157
기초교육급여,2025-12,전북특별자치도,순창군,228,144
기초교육급여,2025-12,전북특별자치도,고창군,498,324
기초교육급여,2025-12,전북특별자치도,부안군,353,240
차상위장애인,2025-12,서울특별시,종로구,190,188
차상위장애인,2025-12,서울특별시,중구,248,242
차상위장애인,2025-12,서울특별시,용산구,250,246
차상위장애인,2025-12,서울특별시,성동구,557,542
차상위장애인,2025-12,서울특별시,광진구,531,520
차상위장애인,2025-12,서울특별시,동대문구,704,688
차상위장애인,2025-12,서울특별시,중랑구,1054,1016
차상위장애인,2025-12,서울특별시,성북구,779,753
차상위장애인,2025-12,서울특별시,강북구,1048,999
차상위장애인,2025-12,서울특별시,도봉구,771,745
차상위장애인,2025-12,서울특별시,노원구,1369,1335
차상위장애인,2025-12,서울특별시,은평구,987,946
차상위장애인,2025-12,서울특별시,서대문구,518,499
차상위장애인,2025-12,서울특별시,마포구,612,588
차상위장애인,2025-12,서울특별시,양천구,997,960
차상위장애인,2025-12,서울특별시,강서구,1420,1344
차상위장애인,2025-12,서울특별시,구로구,806,773
차상위장애인,2025-12,서울특별시,금천구,559,532
차상위장애인,2025-12,서울특별시,영등포구,545,528
차상위장애인,2025-12,서울특별시,동작구,739,713
차상위장애인,2025-12,서울특별시,관악구,969,929
차상위장애인,2025-12,서울특별시,서초구,405,395
차상위장애인,2025-12,서울특별시,강남구,710,677
차상위장애인,2025-12,서울특별시,송파구,882,863
차상위장애인,2025-12,서울특별시,강동구,1178,1139
차상위장애인,2025-12,부산광역시,중구,157,153
차상위장애인,2025-12,부산광역시,서구,452,436
차상위장애인,2025-12,부산광역시,동구,418,403
차상위장애인,2025-12,부산광역시,영도구,558,535
차상위장애인,2025-12,부산광역시,부산진구,868,836
차상위장애인,2025-12,부산광역시,동래구,533,521
차상위장애인,2025-12,부산광역시,남구,666,645
차상위장애인,2025-12,부산광역시,북구,676,662
차상위장애인,2025-12,부산광역시,해운대구,995,957
차상위장애인,2025-12,부산광역시,사하구,937,903
차상위장애인,2025-12,부산광역시,금정구,640,617
차상위장애인,2025-12,부산광역시,강서구,221,215
차상위장애인,2025-12,부산광역시,연제구,467,452
차상위장애인,2025-12,부산광역시,수영구,348,338
차상위장애인,2025-12,부산광역시,사상구,470,451
차상위장애인,2025-12,부산광역시,기장군,657,638
차상위장애인,2025-12,대구광역시,중구,204,198
차상위장애인,2025-12,대구광역시,동구,1293,1234
차상위장애인,2025-12,대구광역시,서구,693,665
차상위장애인,2025-12,대구광역시,남구,542,517
차상위장애인,2025-12,대구광역시,북구,1109,1075
차상위장애인,2025-12,대구광역시,수성구,743,721
차상위장애인,2025-12,대구광역시,달서구,1421,1388
차상위장애인,2025-12,대구광역시,달성군,648,624
차상위장애인,2025-12,대구광역시,군위군,160,153
차상위장애인,2025-12,인천광역시,중구,350,339
차상위장애인,2025-12,인천광역시,동구,235,221
차상위장애인,2025-12,인천광역시,미추홀구,1070,1026
차상위장애인,2025-12,인천광역시,연수구,546,532
차상위장애인,2025-12,인천광역시,남동구,1634,1556
차상위장애인,2025-12,인천광역시,부평구,1337,1281
차상위장애인,2025-12,인천광역시,계양구,844,815
차상위장애인,2025-12,인천광역시,서구,1325,1274
차상위장애인,2025-12,인천광역시,강화군,318,312
차상위장애인,2025-12,인천광역시,옹진군,114,108
차상위장애인,2025-12,광주광역시,동구,273,266
차상위장애인,2025-12,광주광역시,서구,718,693
차상위장애인,2025-12,광주광역시,남구,686,655
차상위장애인,2025-12,광주광역시,북구,1368,1325
차상위장애인,2025-12,광주광역시,광산구,916,884
차상위장애인,2025-12,대전광역시,동구,735,708
차상위장애인,2025-12,대전광역시,중구,597,576
차상위장애인,2025-12,대전광역시,서구,805,777
차상위장애인,2025-12,대전광역시,유성구,687,660
차상위장애인,2025-12,대전광역시,대덕구,541,520
차상위장애인,2025-12,울산광역시,중구,533,510
차상위장애인,2025-12,울산광역시,남구,533,517
차상위장애인,2025-12,울산광역시,동구,391,377
차상위장애인,2025-12,울산광역시,북구,428,416
차상위장애인,2025-12,울산광역시,울주군,499,486
차상위장애인,2025-12,세종특별자치시,세종특별자치시,552,532
차상위장애인,2025-12,경기도,수원시장안구,535,519
차상위장애인,2025-12,경기도,수원시권선구,730,716
차상위장애인,2025-12,경기도,수원시팔달구,363,351
차상위장애인,2025-12,경기도,수원시영통구,347,331
차상위장애인,2025-12,경기도,성남시수정구,453,445
차상위장애인,2025-12,경기도,성남시중원구,491,478
차상위장애인,2025-12,경기도,성남시분당구,559,541
차상위장애인,2025-12,경기도,의정부시,1101,1057
차상위장애인,2025-12,경기도,안양시만안구,470,450
차상위장애인,2025-12,경기도,안양시동안구,390,386
차상위장애인,2025-12,경기도,부천시 원미구,678,659
차상위장애인,2025-12,경기도,부천시 소사구,516,495
차상위장애인,2025-12,경기도,부천시 오정구,480,459
차상위장애인,2025-12,경기도,광명시,493,476
차상위장애인,2025-12,경기도,평택시,1058,1016
차상위장애인,2025-12,경기도,동두천시,523,497
차상위장애인,2025-12,경기도,안산시상록구,1070,1024
차상위장애인,2025-12,경기도,안산시단원구,769,737
차상위장애인,2025-12,경기도,고양시덕양구,1015,984
차상위장애인,2025-12,경기도,고양시일산동구,531,516
차상위장애인,2025-12,경기도,고양시일산서구,409,392
차상위장애인,2025-12,경기도,과천시,116,113
차상위장애인,2025-12,경기도,구리시,314,307
차상위장애인,2025-12,경기도,남양주시,1711,1640
차상위장애인,2025-12,경기도,오산시,452,431
차상위장애인,2025-12,경기도,시흥시,875,846
차상위장애인,2025-12,경기도,군포시,555,532
차상위장애인,2025-12,경기도,의왕시,443,422
차상위장애인,2025-12,경기도,하남시,550,537
차상위장애인,2025-12,경기도,용인시처인구,569,551
차상위장애인,2025-12,경기도,용인시기흥구,804,780
차상위장애인,2025-12,경기도,용인시수지구,313,309
차상위장애인,2025-12,경기도,파주시,1149,1093
차상위장애인,2025-12,경기도,이천시,463,441
차상위장애인,2025-12,경기도,안성시,433,421
차상위장애인,2025-12,경기도,김포시,906,867
차상위장애인,2025-12,경기도,화성시,1498,1444
차상위장애인,2025-12,경기도,광주시,688,655
차상위장애인,2025-12,경기도,양주시,822,780
차상위장애인,2025-12,경기도,포천시,475,462
차상위장애인,2025-12,경기도,여주시,326,310
차상위장애인,2025-12,경기도,연천군,247,238
차상위장애인,2025-12,경기도,가평군,192,187
차상위장애인,2025-12,경기도,양평군,319,310
차상위장애인,2025-12,충청북도,청주시상당구,531,507
차상위장애인,2025-12,충청북도,청주시서원구,500,474
차상위장애인,2025-12,충청북도,청주시흥덕구,475,454
차상위장애인,2025-12,충청북도,청주시청원구,417,393
차상위장애인,2025-12,충청북도,충주시,532,512
차상위장애인,2025-12,충청북도,제천시,690,661
차상위장애인,2025-12,충청북도,보은군,195,187
차상위장애인,2025-12,충청북도,옥천군,325,309
차상위장애인,2025-12,충청북도,영동군,214,208
차상위장애인,2025-12,충청북도,증평군,116,112
차상위장애인,2025-12,충청북도,진천군,179,173
차상위장애인,2025-12,충청북도,괴산군,175,169
차상위장애인,2025-12,충청북도,음성군,251,238
차상위장애인,2025-12,충청북도,단양군,118,116
차상위장애인,2025-12,충청남도,천안시 동남구,412,399
차상위장애인,2025-12,충청남도,천안시 서북구,484,462
차상위장애인,2025-12,충청남도,공주시,317,300
차상위장애인,2025-12,충청남도,보령시,400,375
차상위장애인,2025-12,충청남도,아산시,695,671
차상위장애인,2025-12,충청남도,서산시,430,408
차상위장애인,2025-12,충청남도,논산시,513,494
차상위장애인,2025-12,충청남도,계룡시,88,88
차상위장애인,2025-12,충청남도,당진시,364,355
차상위장애인,2025-12,충청남도,금산군,302,278
차상위장애인,2025-12,충청남도,부여군,416,402
차상위장애인,2025-12,충청남도,서천군,363,347
차상위장애인,2025-12,충청남도,청양군,110,106
차상위장애인,2025-12,충청남도,홍성군,279,270
차상위장애인,2025-12,충청남도,예산군,319,309
차상위장애인,2025-12,충청남도,태안군,262,252
차상위장애인,2025-12,전라남도,목포시,1049,1004
차상위장애인,2025-12,전라남도,여수시,1184,1136
차상위장애인,2025-12,전라남도,순천시,875,845
차상위장애인,2025-12,전라남도,나주시,377,370
차상위장애인,2025-12,전라남도,광양시,367,357
차상위장애인,2025-12,전라남도,담양군,204,200
차상위장애인,2025-12,전라남도,곡성군,176,169
차상위장애인,2025-12,전라남도,구례군,179,174
차상위장애인,2025-12,전라남도,고흥군,644,622
차상위장애인,2025-12,전라남도,보성군,322,309
차상위장애인,2025-12,전라남도,화순군,380,367
차상위장애인,2025-12,전라남도,장흥군,306,300
차상위장애인,2025-12,전라남도,강진군,166,162
차상위장애인,2025-12,전라남도,해남군,393,375
차상위장애인,2025-12,전라남도,영암군,236,229
차상위장애인,2025-12,전라남도,무안군,348,329
차상위장애인,2025-12,전라남도,함평군,184,177
차상위장애인,2025-12,전라남도,영광군,304,289
차상위장애인,2025-12,전라남도,장성군,203,196
차상위장애인,2025-12,전라남도,완도군,624,590
차상위장애인,2025-12,전라남도,진도군,333,324
차상위장애인,2025-12,전라남도,신안군,286,267
차상위장애인,2025-12,경상북도,포항시남구,769,739
차상위장애인,2025-12,경상북도,포항시북구,787,763
차상위장애인,2025-12,경상북도,경주시,719,700
차상위장애인,2025-12,경상북도,김천시,560,540
차상위장애인,2025-12,경상북도,안동시,706,690
차상위장애인,2025-12,경상북도,구미시,787,756
차상위장애인,2025-12,경상북도,영주시,483,470
차상위장애인,2025-12,경상북도,영천시,490,475
차상위장애인,2025-12,경상북도,상주시,546,521
차상위장애인,2025-12,경상북도,문경시,438,420
차상위장애인,2025-12,경상북도,경산시,790,762
차상위장애인,2025-12,경상북도,의성군,362,346
차상위장애인,2025-12,경상북도,청송군,200,193
차상위장애인,2025-12,경상북도,영양군,139,135
차상위장애인,2025-12,경상북도,영덕군,304,296
차상위장애인,2025-12,경상북도,청도군,284,280
차상위장애인,2025-12,경상북도,고령군,214,206
차상위장애인,2025-12,경상북도,성주군,180,174
차상위장애인,2025-12,경상북도,칠곡군,319,306
차상위장애인,2025-12,경상북도,예천군,297,287
차상위장애인,2025-12,경상북도,봉화군,251,238
차상위장애인,2025-12,경상북도,울진군,387,370
차상위장애인,2025-12,경상북도,울릉군,63,60
차상위장애인,2025-12,경상남도,창원시의창구,534,512
차상위장애인,2025-12,경상남도,창원시성산구,300,289
차상위장애인,2025-12,경상남도,창원시마산합포구,617,595
차상위장애인,2025-12,경상남도,창원시마산회원구,536,521
차상위장애인,2025-12,경상남도,창원시진해구,552,546
차상위장애인,2025-12,경상남도,진주시,800,781
차상위장애인,2025-12,경상남도,통영시,431,413
차상위장애인,2025-12,경상남도,사천시,401,375
차상위장애인,2025-12,경상남도,김해시,1389,1333
차상위장애인,2025-12,경상남도,밀양시,444,429
차상위장애인,2025-12,경상남도,거제시,481,462
차상위장애인,2025-12,경상남도,양산시,1069,1027
차상위장애인,2025-12,경상남도,의령군,188,182
차상위장애인,2025-12,경상남도,함안군,252,244
차상위장애인,2025-12,경상남도,창녕군,339,330
차상위장애인,2025-12,경상남도,고성군,247,242
차상위장애인,2025-12,경상남도,남해군,265,256
차상위장애인,2025-12,경상남도,하동군,219,214
차상위장애인,2025-12,경상남도,산청군,191,186
차상위장애인,2025-12,경상남도,함양군,222,212
차상위장애인,2025-12,경상남도,거창군,287,275
차상위장애인,2025-12,경상남도,합천군,262,255
차상위장애인,2025-12,제주특별자치도,제주시,1054,1008
차상위장애인,2025-12,제주특별자치도,서귀포시,544,519
차상위장애인,2025-12,강원특별자치도,춘천시,625,603
차상위장애인,2025-12,강원특별자치도,원주시,1059,1017
차상위장애인,2025-12,강원특별자치도,강릉시,795,772
차상위장애인,2025-12,강원특별자치도,동해시,485,464
차상위장애인,2025-12,강원특별자치도,태백시,301,292
차상위장애인,2025-12,강원특별자치도,속초시,272,256
차상위장애인,2025-12,강원특별자치도,삼척시,400,389
차상위장애인,2025-12,강원특별자치도,홍천군,185,176
차상위장애인,2025-12,강원특별자치도,횡성군,110,107
차상위장애인,2025-12,강원특별자치도,영월군,221,213
차상위장애인,2025-12,강원특별자치도,평창군,136,134
차상위장애인,2025-12,강원특별자치도,정선군,190,185
차상위장애인,2025-12,강원특별자치도,철원군,148,145
차상위장애인,2025-12,강원특별자치도,화천군,133,129
차상위장애인,2025-12,강원특별자치도,양구군,84,83
차상위장애인,2025-12,강원특별자치도,인제군,74,72
차상위장애인,2025-12,강원특별자치도,고성군,187,184
차상위장애인,2025-12,강원특별자치도,양양군,129,123
차상위장애인,2025-12,전북특별자치도,전주시,1,1
차상위장애인,2025-12,전북특별자치도,전주시 완산구,991,965
차상위장애인,2025-12,전북특별자치도,전주시 덕진구,788,753
차상위장애인,2025-12,전북특별자치도,군산시,1367,1307
차상위장애인,2025-12,전북특별자치도,익산시,1170,1124
차상위장애인,2025-12,전북특별자치도,정읍시,680,655
차상위장애인,2025-12,전북특별자치도,남원시,397,382
차상위장애인,2025-12,전북특별자치도,김제시,645,623
차상위장애인,2025-12,전북특별자치도,완주군,439,417
차상위장애인,2025-12,전북특별자치도,진안군,166,161
차상위장애인,2025-12,전북특별자치도,무주군,171,167
차상위장애인,2025-12,전북특별자치도,장수군,168,159
차상위장애인,2025-12,전북특별자치도,임실군,308,299
차상위장애인,2025-12,전북특별자치도,순창군,227,218
차상위장애인,2025-12,전북특별자치도,고창군,402,392
차상위장애인,2025-12,전북특별자치도,부안군,405,390
차상위자활,2025-12,서울특별시,종로구,21,21
차상위자활,2025-12,서울특별시,중구,7,6
차상위자활,2025-12,서울특별시,용산구,17,15
차상위자활,2025-12,서울특별시,성동구,48,46
차상위자활,2025-12,서울특별시,광진구,41,37
차상위자활,2025-12,서울특별시,동대문구,14,14
차상위자활,2025-12,서울특별시,중랑구,14,14
차상위자활,2025-12,서울특별시,성북구,45,41
차상위자활,2025-12,서울특별시,강북구,36,36
차상위자활,2025-12,서울특별시,도봉구,39,37
차상위자활,2025-12,서울특별시,노원구,97,93
차상위자활,2025-12,서울특별시,은평구,23,22
차상위자활,2025-12,서울특별시,서대문구,22,21
차상위자활,2025-12,서울특별시,마포구,7,7
차상위자활,2025-12,서울특별시,양천구,32,31
차상위자활,2025-12,서울특별시,강서구,26,25
차상위자활,2025-12,서울특별시,구로구,76,74
차상위자활,2025-12,서울특별시,금천구,3,3
차상위자활,2025-12,서울특별시,영등포구,35,35
차상위자활,2025-12,서울특별시,동작구,14,12
차상위자활,2025-12,서울특별시,관악구,22,20
차상위자활,2025-12,서울특별시,서초구,6,6
차상위자활,2025-12,서울특별시,강남구,39,36
차상위자활,2025-12,서울특별시,송파구,12,12
차상위자활,2025-12,서울특별시,강동구,18,18
차상위자활,2025-12,부산광역시,중구,3,3
차상위자활,2025-12,부산광역시,서구,36,33
차상위자활,2025-12,부산광역시,동구,21,20
차상위자활,2025-12,부산광역시,영도구,24,22
차상위자활,2025-12,부산광역시,부산진구,20,19
차상위자활,2025-12,부산광역시,동래구,6,6
차상위자활,2025-12,부산광역시,남구,38,38
차상위자활,2025-12,부산광역시,북구,40,37
차상위자활,2025-12,부산광역시,해운대구,44,44
차상위자활,2025-12,부산광역시,사하구,82,78
차상위자활,2025-12,부산광역시,금정구,14,14
차상위자활,2025-12,부산광역시,강서구,23,22
차상위자활,2025-12,부산광역시,연제구,11,11
차상위자활,2025-12,부산광역시,수영구,23,23
차상위자활,2025-12,부산광역시,사상구,43,40
차상위자활,2025-12,부산광역시,기장군,2,2
차상위자활,2025-12,대구광역시,중구,39,35
차상위자활,2025-12,대구광역시,동구,152,146
차상위자활,2025-12,대구광역시,서구,43,41
차상위자활,2025-12,대구광역시,남구,16,16
차상위자활,2025-12,대구광역시,북구,36,35
차상위자활,2025-12,대구광역시,수성구,46,37
차상위자활,2025-12,대구광역시,달서구,66,64
차상위자활,2025-12,대구광역시,달성군,22,21
차상위자활,2025-12,대구광역시,군위군,21,21
차상위자활,2025-12,인천광역시,중구,13,13
차상위자활,2025-12,인천광역시,동구,13,13
차상위자활,2025-12,인천광역시,미추홀구,60,57
차상위자활,2025-12,인천광역시,연수구,53,51
차상위자활,2025-12,인천광역시,남동구,27,27
차상위자활,2025-12,인천광역시,부평구,54,50
차상위자활,2025-12,인천광역시,계양구,32,32
차상위자활,2025-12,인천광역시,서구,10,10
차상위자활,2025-12,인천광역시,강화군,26,25
차상위자활,2025-12,광주광역시,동구,66,63
차상위자활,2025-12,광주광역시,서구,39,38
차상위자활,2025-12,광주광역시,남구,36,35
차상위자활,2025-12,광주광역시,북구,93,90
차상위자활,2025-12,광주광역시,광산구,69,63
차상위자활,2025-12,대전광역시,동구,109,103
차상위자활,2025-12,대전광역시,중구,45,42
차상위자활,2025-12,대전광역시,서구,30,29
차상위자활,2025-12,대전광역시,유성구,57,56
차상위자활,2025-12,대전광역시,대덕구,54,53
차상위자활,2025-12,울산광역시,중구,29,29
차상위자활,2025-12,울산광역시,남구,46,44
차상위자활,2025-12,울산광역시,동구,28,28
차상위자활,2025-12,울산광역시,북구,55,49
차상위자활,2025-12,울산광역시,울주군,87,81
차상위자활,2025-12,세종특별자치시,세종특별자치시,25,24
차상위자활,2025-12,경기도,수원시장안구,88,84
차상위자활,2025-12,경기도,수원시권선구,79,77
차상위자활,2025-12,경기도,수원시팔달구,47,46
차상위자활,2025-12,경기도,수원시영통구,37,36
차상위자활,2025-12,경기도,성남시수정구,32,31
차상위자활,2025-12,경기도,성남시중원구,30,30
차상위자활,2025-12,경기도,성남시분당구,8,8
차상위자활,2025-12,경기도,의정부시,20,20
차상위자활,2025-12,경기도,안양시만안구,45,42
차상위자활,2025-12,경기도,안양시동안구,14,13
차상위자활,2025-12,경기도,부천시 원미구,43,42
차상위자활,2025-12,경기도,부천시 소사구,33,33
차상위자활,2025-12,경기도,부천시 오정구,9,9
차상위자활,2025-12,경기도,광명시,24,24
차상위자활,2025-12,경기도,평택시,75,69
차상위자활,2025-12,경기도,동두천시,5,5
차상위자활,2025-12,경기도,안산시상록구,12,12
차상위자활,2025-12,경기도,안산시단원구,6,6
차상위자활,2025-12,경기도,고양시덕양구,14,14
차상위자활,2025-12,경기도,고양시일산동구,16,15
차상위자활,2025-12,경기도,고양시일산서구,9,8
차상위자활,2025-12,경기도,과천시,2,2
차상위자활,2025-12,경기도,구리시,18,17
차상위자활,2025-12,경기도,남양주시,32,30
차상위자활,2025-12,경기도,오산시,9,8
차상위자활,2025-12,경기도,시흥시,59,58
차상위자활,2025-12,경기도,군포시,16,16
차상위자활,2025-12,경기도,의왕시,15,15
차상위자활,2025-12,경기도,하남시,21,21
차상위자활,2025-12,경기도,용인시처인구,2,2
차상위자활,2025-12,경기도,용인시기흥구,7,7
차상위자활,2025-12,경기도,파주시,44,42
차상위자활,2025-12,경기도,이천시,17,15
차상위자활,2025-12,경기도,안성시,46,43
차상위자활,2025-12,경기도,김포시,41,38
차상위자활,2025-12,경기도,화성시,71,70
차상위자활,2025-12,경기도,광주시,12,12
차상위자활,2025-12,경기도,양주시,32,30
차상위자활,2025-12,경기도,포천시,9,9
차상위자활,2025-12,경기도,여주시,31,28
차상위자활,2025-12,경기도,연천군,1,1
차상위자활,2025-12,경기도,가평군,4,4
차상위자활,2025-12,경기도,양평군,13,12
차상위자활,2025-12,충청북도,청주시상당구,25,25
차상위자활,2025-12,충청북도,청주시서원구,24,24
차상위자활,2025-12,충청북도,청주시흥덕구,22,21
차상위자활,2025-12,충청북도,청주시청원구,12,11
차상위자활,2025-12,충청북도,충주시,14,14
차상위자활,2025-12,충청북도,제천시,22,21
차상위자활,2025-12,충청북도,보은군,31,27
차상위자활,2025-12,충청북도,옥천군,23,22
차상위자활,2025-12,충청북도,영동군,16,15
차상위자활,2025-12,충청북도,증평군,29,28
차상위자활,2025-12,충청북도,진천군,17,17
차상위자활,2025-12,충청북도,괴산군,20,20
차상위자활,2025-12,충청북도,음성군,23,18
차상위자활,2025-12,충청북도,단양군,20,19
차상위자활,2025-12,충청남도,천안시 동남구,3,2
차상위자활,2025-12,충청남도,천안시 서북구,14,13
차상위자활,2025-12,충청남도,공주시,22,22
차상위자활,2025-12,충청남도,보령시,30,28
차상위자활,2025-12,충청남도,아산시,28,27
차상위자활,2025-12,충청남도,서산시,42,38
차상위자활,2025-12,충청남도,논산시,15,15
차상위자활,2025-12,충청남도,계룡시,8,7
차상위자활,2025-12,충청남도,당진시,38,35
차상위자활,2025-12,충청남도,금산군,25,24
차상위자활,2025-12,충청남도,부여군,14,14
차상위자활,2025-12,충청남도,서천군,10,9
차상위자활,2025-12,충청남도,청양군,12,11
차상위자활,2025-12,충청남도,홍성군,18,16
차상위자활,2025-12,충청남도,예산군,24,23
차상위자활,2025-12,충청남도,태안군,33,33
차상위자활,2025-12,전라남도,목포시,92,88
차상위자활,2025-12,전라남도,여수시,170,164
차상위자활,2025-12,전라남도,순천시,52,49
차상위자활,2025-12,전라남도,나주시,51,45
차상위자활,2025-12,전라남도,광양시,30,28
차상위자활,2025-12,전라남도,담양군,21,18
차상위자활,2025-12,전라남도,곡성군,34,33
차상위자활,2025-12,전라남도,구례군,16,16
차상위자활,2025-12,전라남도,고흥군,53,51
차상위자활,2025-12,전라남도,보성군,59,56
차상위자활,2025-12,전라남도,화순군,36,35
차상위자활,2025-12,전라남도,장흥군,32,31
차상위자활,2025-12,전라남도,강진군,35,32
차상위자활,2025-12,전라남도,해남군,78,73
차상위자활,2025-12,전라남도,영암군,46,42
차상위자활,2025-12,전라남도,무안군,58,54
차상위자활,2025-12,전라남도,함평군,23,23
차상위자활,2025-12,전라남도,영광군,36,33
차상위자활,2025-12,전라남도,장성군,33,32
차상위자활,2025-12,전라남도,완도군,64,57
차상위자활,2025-12,전라남도,진도군,57,54
차상위자활,2025-12,전라남도,신안군,47,46
차상위자활,2025-12,경상북도,포항시남구,42,41
차상위자활,2025-12,경상북도,포항시북구,76,69
차상위자활,2025-12,경상북도,경주시,11,10
차상위자활,2025-12,경상북도,김천시,16,16
차상위자활,2025-12,경상북도,안동시,14,13
차상위자활,2025-12,경상북도,구미시,36,35
차상위자활,2025-12,경상북도,영주시,16,16
차상위자활,2025-12,경상북도,영천시,49,46
차상위자활,2025-12,경상북도,상주시,37,36
차상위자활,2025-12,경상북도,문경시,40,40
차상위자활,2025-12,경상북도,경산시,17,16
차상위자활,2025-12,경상북도,의성군,26,25
차상위자활,2025-12,경상북도,청송군,2,2
차상위자활,2025-12,경상북도,영양군,4,4
차상위자활,2025-12,경상북도,영덕군,54,52
차상위자활,2025-12,경상북도,고령군,47,45
차상위자활,2025-12,경상북도,성주군,31,31
차상위자활,2025-12,경상북도,칠곡군,12,12
차상위자활,2025-12,경상북도,예천군,45,42
차상위자활,2025-12,경상북도,봉화군,30,28
차상위자활,2025-12,경상북도,울진군,43,41
차상위자활,2025-12,경상남도,창원시의창구,40,39
차상위자활,2025-12,경상남도,창원시성산구,17,17
차상위자활,2025-12,경상남도,창원시마산합포구,92,88
차상위자활,2025-12,경상남도,창원시마산회원구,39,38
차상위자활,2025-12,경상남도,창원시진해구,60,60
차상위자활,2025-12,경상남도,진주시,14,14
차상위자활,2025-12,경상남도,통영시,53,52
차상위자활,2025-12,경상남도,사천시,47,47
차상위자활,2025-12,경상남도,김해시,73,71
차상위자활,2025-12,경상남도,밀양시,45,45
차상위자활,2025-12,경상남도,거제시,59,57
차상위자활,2025-12,경상남도,양산시,16,16
차상위자활,2025-12,경상남도,의령군,18,18
차상위자활,2025-12,경상남도,함안군,24,24
차상위자활,2025-12,경상남도,창녕군,47,45
차상위자활,2025-12,경상남도,고성군,17,16
차상위자활,2025-12,경상남도,남해군,47,47
차상위자활,2025-12,경상남도,하동군,38,36
차상위자활,2025-12,경상남도,산청군,50,47
차상위자활,2025-12,경상남도,함양군,34,31
차상위자활,2025-12,경상남도,거창군,39,38
차상위자활,2025-12,경상남도,합천군,35,31
차상위자활,2025-12,제주특별자치도,제주시,9,8
차상위자활,2025-12,제주특별자치도,서귀포시,16,15
차상위자활,2025-12,강원특별자치도,춘천시,40,40
차상위자활,2025-12,강원특별자치도,원주시,49,45
차상위자활,2025-12,강원특별자치도,강릉시,14,14
차상위자활,2025-12,강원특별자치도,동해시,36,36
차상위자활,2025-12,강원특별자치도,태백시,45,44
차상위자활,2025-12,강원특별자치도,속초시,25,24
차상위자활,2025-12,강원특별자치도,삼척시,15,14
차상위자활,2025-12,강원특별자치도,홍천군,10,9
차상위자활,2025-12,강원특별자치도,횡성군,42,40
차상위자활,2025-12,강원특별자치도,영월군,35,34
차상위자활,2025-12,강원특별자치도,평창군,35,33
차상위자활,2025-12,강원특별자치도,정선군,50,46
차상위자활,2025-12,강원특별자치도,철원군,60,57
차상위자활,2025-12,강원특별자치도,화천군,8,7
차상위자활,2025-12,강원특별자치도,양구군,31,30
차상위자활,2025-12,강원특별자치도,인제군,45,43
차상위자활,2025-12,강원특별자치도,고성군,47,46
차상위자활,2025-12,강원특별자치도,양양군,47,43
차상위자활,2025-12,전북특별자치도,전주시 완산구,38,37
차상위자활,2025-12,전북특별자치도,전주시 덕진구,22,22
차상위자활,2025-12,전북특별자치도,군산시,67,63
차상위자활,2025-12,전북특별자치도,익산시,67,63
차상위자활,2025-12,전북특별자치도,정읍시,36,33
차상위자활,2025-12,전북특별자치도,남원시,29,28
차상위자활,2025-12,전북특별자치도,김제시,48,46
차상위자활,2025-12,전북특별자치도,완주군,50,46
차상위자활,2025-12,전북특별자치도,진안군,35,33
차상위자활,2025-12,전북특별자치도,무주군,16,15
차상위자활,2025-12,전북특별자치도,장수군,29,27
차상위자활,2025-12,전북특별자치도,임실군,7,7
차상위자활,2025-12,전북특별자치도,순창군,10,10
차상위자활,2025-12,전북특별자치도,고창군,74,72
차상위자활,2025-12,전북특별자치도,부안군,25,25
차상위본인부담경감대상자,2025-12,서울특별시,종로구,702,565
차상위본인부담경감대상자,2025-12,서울특별시,중구,638,535
차상위본인부담경감대상자,2025-12,서울특별시,용산구,505,406
차상위본인부담경감대상자,2025-12,서울특별시,성동구,1114,902
차상위본인부담경감대상자,2025-12,서울특별시,광진구,1452,1120
차상위본인부담경감대상자,2025-12,서울특별시,동대문구,2008,1654
차상위본인부담경감대상자,2025-12,서울특별시,중랑구,3684,2853
차상위본인부담경감대상자,2025-12,서울특별시,성북구,2414,1903
차상위본인부담경감대상자,2025-12,서울특별시,강북구,2467,1916
차상위본인부담경감대상자,2025-12,서울특별시,도봉구,2635,2026
차상위본인부담경감대상자,2025-12,서울특별시,노원구,3664,2963
차상위본인부담경감대상자,2025-12,서울특별시,은평구,3373,2630
차상위본인부담경감대상자,2025-12,서울특별시,서대문구,1688,1357
차상위본인부담경감대상자,2025-12,서울특별시,마포구,1076,838
차상위본인부담경감대상자,2025-12,서울특별시,양천구,2461,1916
차상위본인부담경감대상자,2025-12,서울특별시,강서구,2627,1986
차상위본인부담경감대상자,2025-12,서울특별시,구로구,1675,1242
차상위본인부담경감대상자,2025-12,서울특별시,금천구,1965,1583
차상위본인부담경감대상자,2025-12,서울특별시,영등포구,1363,1128
차상위본인부담경감대상자,2025-12,서울특별시,동작구,1164,938
차상위본인부담경감대상자,2025-12,서울특별시,관악구,2153,1783
차상위본인부담경감대상자,2025-12,서울특별시,서초구,854,609
차상위본인부담경감대상자,2025-12,서울특별시,강남구,937,752
차상위본인부담경감대상자,2025-12,서울특별시,송파구,2143,1645
차상위본인부담경감대상자,2025-12,서울특별시,강동구,2810,2209
차상위본인부담경감대상자,2025-12,부산광역시,중구,545,449
차상위본인부담경감대상자,2025-12,부산광역시,서구,1438,1155
차상위본인부담경감대상자,2025-12,부산광역시,동구,1132,913
차상위본인부담경감대상자,2025-12,부산광역시,영도구,1755,1371
차상위본인부담경감대상자,2025-12,부산광역시,부산진구,2404,1958
차상위본인부담경감대상자,2025-12,부산광역시,동래구,1376,1103
차상위본인부담경감대상자,2025-12,부산광역시,남구,1957,1541
차상위본인부담경감대상자,2025-12,부산광역시,북구,2315,1840
차상위본인부담경감대상자,2025-12,부산광역시,해운대구,2779,2164
차상위본인부담경감대상자,2025-12,부산광역시,사하구,2901,2304
차상위본인부담경감대상자,2025-12,부산광역시,금정구,1802,1450
차상위본인부담경감대상자,2025-12,부산광역시,강서구,561,379
차상위본인부담경감대상자,2025-12,부산광역시,연제구,1113,894
차상위본인부담경감대상자,2025-12,부산광역시,수영구,1213,979
차상위본인부담경감대상자,2025-12,부산광역시,사상구,1272,1060
차상위본인부담경감대상자,2025-12,부산광역시,기장군,1805,1324
차상위본인부담경감대상자,2025-12,대구광역시,중구,656,497
차상위본인부담경감대상자,2025-12,대구광역시,동구,2882,2180
차상위본인부담경감대상자,2025-12,대구광역시,서구,2330,1807
차상위본인부담경감대상자,2025-12,대구광역시,남구,1987,1558
차상위본인부담경감대상자,2025-12,대구광역시,북구,4221,3162
차상위본인부담경감대상자,2025-12,대구광역시,수성구,2332,1750
차상위본인부담경감대상자,2025-12,대구광역시,달서구,4431,3293
차상위본인부담경감대상자,2025-12,대구광역시,달성군,1758,1203
차상위본인부담경감대상자,2025-12,대구광역시,군위군,145,118
차상위본인부담경감대상자,2025-12,인천광역시,중구,975,720
차상위본인부담경감대상자,2025-12,인천광역시,동구,338,265
차상위본인부담경감대상자,2025-12,인천광역시,미추홀구,3726,2790
차상위본인부담경감대상자,2025-12,인천광역시,연수구,1345,988
차상위본인부담경감대상자,2025-12,인천광역시,남동구,3577,2679
차상위본인부담경감대상자,2025-12,인천광역시,부평구,3255,2435
차상위본인부담경감대상자,2025-12,인천광역시,계양구,2591,2001
차상위본인부담경감대상자,2025-12,인천광역시,서구,3575,2516
차상위본인부담경감대상자,2025-12,인천광역시,강화군,410,299
차상위본인부담경감대상자,2025-12,인천광역시,옹진군,42,36
차상위본인부담경감대상자,2025-12,광주광역시,동구,654,525
차상위본인부담경감대상자,2025-12,광주광역시,서구,2109,1541
차상위본인부담경감대상자,2025-12,광주광역시,남구,1942,1421
차상위본인부담경감대상자,2025-12,광주광역시,북구,3691,2683
차상위본인부담경감대상자,2025-12,광주광역시,광산구,2899,1993
차상위본인부담경감대상자,2025-12,대전광역시,동구,2224,1675
차상위본인부담경감대상자,2025-12,대전광역시,중구,2138,1635
차상위본인부담경감대상자,2025-12,대전광역시,서구,2491,1781
차상위본인부담경감대상자,2025-12,대전광역시,유성구,1658,1197
차상위본인부담경감대상자,2025-12,대전광역시,대덕구,1414,1042
차상위본인부담경감대상자,2025-12,울산광역시,중구,1127,879
차상위본인부담경감대상자,2025-12,울산광역시,남구,1057,838
차상위본인부담경감대상자,2025-12,울산광역시,동구,675,466
차상위본인부담경감대상자,2025-12,울산광역시,북구,1114,759
차상위본인부담경감대상자,2025-12,울산광역시,울주군,809,596
차상위본인부담경감대상자,2025-12,세종특별자치시,세종특별자치시,1092,769
차상위본인부담경감대상자,2025-12,경기도,수원시장안구,1312,1039
차상위본인부담경감대상자,2025-12,경기도,수원시권선구,1968,1504
차상위본인부담경감대상자,2025-12,경기도,수원시팔달구,1051,859
차상위본인부담경감대상자,2025-12,경기도,수원시영통구,688,531
차상위본인부담경감대상자,2025-12,경기도,성남시수정구,646,501
차상위본인부담경감대상자,2025-12,경기도,성남시중원구,826,638
차상위본인부담경감대상자,2025-12,경기도,성남시분당구,669,488
차상위본인부담경감대상자,2025-12,경기도,의정부시,4736,3560
차상위본인부담경감대상자,2025-12,경기도,안양시만안구,1309,1042
차상위본인부담경감대상자,2025-12,경기도,안양시동안구,727,561
차상위본인부담경감대상자,2025-12,경기도,부천시 원미구,1156,885
차상위본인부담경감대상자,2025-12,경기도,부천시 소사구,708,581
차상위본인부담경감대상자,2025-12,경기도,부천시 오정구,929,729
차상위본인부담경감대상자,2025-12,경기도,광명시,682,537
차상위본인부담경감대상자,2025-12,경기도,평택시,2696,1951
차상위본인부담경감대상자,2025-12,경기도,동두천시,1248,936
차상위본인부담경감대상자,2025-12,경기도,안산시상록구,2719,2010
차상위본인부담경감대상자,2025-12,경기도,안산시단원구,1635,1212
차상위본인부담경감대상자,2025-12,경기도,고양시덕양구,2331,1789
차상위본인부담경감대상자,2025-12,경기도,고양시일산동구,977,736
차상위본인부담경감대상자,2025-12,경기도,고양시일산서구,734,548
차상위본인부담경감대상자,2025-12,경기도,과천시,111,86
차상위본인부담경감대상자,2025-12,경기도,구리시,894,698
차상위본인부담경감대상자,2025-12,경기도,남양주시,4664,3384
차상위본인부담경감대상자,2025-12,경기도,오산시,1110,761
차상위본인부담경감대상자,2025-12,경기도,시흥시,1430,1056
차상위본인부담경감대상자,2025-12,경기도,군포시,1187,885
차상위본인부담경감대상자,2025-12,경기도,의왕시,469,356
차상위본인부담경감대상자,2025-12,경기도,하남시,1047,820
차상위본인부담경감대상자,2025-12,경기도,용인시처인구,419,287
차상위본인부담경감대상자,2025-12,경기도,용인시기흥구,653,447
차상위본인부담경감대상자,2025-12,경기도,용인시수지구,147,121
차상위본인부담경감대상자,2025-12,경기도,파주시,3217,2296
차상위본인부담경감대상자,2025-12,경기도,이천시,741,583
차상위본인부담경감대상자,2025-12,경기도,안성시,945,723
차상위본인부담경감대상자,2025-12,경기도,김포시,1029,743
차상위본인부담경감대상자,2025-12,경기도,화성시,2909,2128
차상위본인부담경감대상자,2025-12,경기도,광주시,1185,835
차상위본인부담경감대상자,2025-12,경기도,양주시,2824,1920
차상위본인부담경감대상자,2025-12,경기도,포천시,1432,1085
차상위본인부담경감대상자,2025-12,경기도,여주시,477,361
차상위본인부담경감대상자,2025-12,경기도,연천군,272,233
차상위본인부담경감대상자,2025-12,경기도,가평군,465,372
차상위본인부담경감대상자,2025-12,경기도,양평군,516,418
차상위본인부담경감대상자,2025-12,충청북도,청주시,1,1
차상위본인부담경감대상자,2025-12,충청북도,청주시상당구,1167,839
차상위본인부담경감대상자,2025-12,충청북도,청주시서원구,943,706
차상위본인부담경감대상자,2025-12,충청북도,청주시흥덕구,1220,879
차상위본인부담경감대상자,2025-12,충청북도,청주시청원구,997,694
차상위본인부담경감대상자,2025-12,충청북도,충주시,856,676
차상위본인부담경감대상자,2025-12,충청북도,제천시,1417,1068
차상위본인부담경감대상자,2025-12,충청북도,보은군,230,188
차상위본인부담경감대상자,2025-12,충청북도,옥천군,302,227
차상위본인부담경감대상자,2025-12,충청북도,영동군,259,200
차상위본인부담경감대상자,2025-12,충청북도,증평군,209,161
차상위본인부담경감대상자,2025-12,충청북도,진천군,290,246
차상위본인부담경감대상자,2025-12,충청북도,괴산군,258,187
차상위본인부담경감대상자,2025-12,충청북도,음성군,368,292
차상위본인부담경감대상자,2025-12,충청북도,단양군,144,110
차상위본인부담경감대상자,2025-12,충청남도,천안시 동남구,825,616
차상위본인부담경감대상자,2025-12,충청남도,천안시 서북구,884,631
차상위본인부담경감대상자,2025-12,충청남도,공주시,580,460
차상위본인부담경감대상자,2025-12,충청남도,보령시,453,372
차상위본인부담경감대상자,2025-12,충청남도,아산시,898,671
차상위본인부담경감대상자,2025-12,충청남도,서산시,639,461
차상위본인부담경감대상자,2025-12,충청남도,논산시,571,441
차상위본인부담경감대상자,2025-12,충청남도,계룡시,141,103
차상위본인부담경감대상자,2025-12,충청남도,당진시,403,307
차상위본인부담경감대상자,2025-12,충청남도,금산군,721,566
차상위본인부담경감대상자,2025-12,충청남도,부여군,543,431
차상위본인부담경감대상자,2025-12,충청남도,서천군,377,285
차상위본인부담경감대상자,2025-12,충청남도,청양군,107,84
차상위본인부담경감대상자,2025-12,충청남도,홍성군,404,313
차상위본인부담경감대상자,2025-12,충청남도,예산군,477,357
차상위본인부담경감대상자,2025-12,충청남도,태안군,247,197
차상위본인부담경감대상자,2025-12,전라남도,목포시,2118,1570
차상위본인부담경감대상자,2025-12,전라남도,여수시,1741,1358
차상위본인부담경감대상자,2025-12,전라남도,순천시,1461,1099
차상위본인부담경감대상자,2025-12,전라남도,나주시,1184,904
차상위본인부담경감대상자,2025-12,전라남도,광양시,810,578
차상위본인부담경감대상자,2025-12,전라남도,담양군,493,385
차상위본인부담경감대상자,2025-12,전라남도,곡성군,152,131
차상위본인부담경감대상자,2025-12,전라남도,구례군,167,139
차상위본인부담경감대상자,2025-12,전라남도,고흥군,1024,818
차상위본인부담경감대상자,2025-12,전라남도,보성군,493,403
차상위본인부담경감대상자,2025-12,전라남도,화순군,545,427
차상위본인부담경감대상자,2025-12,전라남도,장흥군,314,244
차상위본인부담경감대상자,2025-12,전라남도,강진군,425,332
차상위본인부담경감대상자,2025-12,전라남도,해남군,784,650
차상위본인부담경감대상자,2025-12,전라남도,영암군,325,265
차상위본인부담경감대상자,2025-12,전라남도,무안군,777,596
차상위본인부담경감대상자,2025-12,전라남도,함평군,290,246
차상위본인부담경감대상자,2025-12,전라남도,영광군,788,629
차상위본인부담경감대상자,2025-12,전라남도,장성군,468,391
차상위본인부담경감대상자,2025-12,전라남도,완도군,523,440
차상위본인부담경감대상자,2025-12,전라남도,진도군,510,417
차상위본인부담경감대상자,2025-12,전라남도,신안군,445,351
차상위본인부담경감대상자,2025-12,경상북도,포항시남구,1383,1049
차상위본인부담경감대상자,2025-12,경상북도,포항시북구,1465,1120
차상위본인부담경감대상자,2025-12,경상북도,경주시,927,761
차상위본인부담경감대상자,2025-12,경상북도,김천시,1232,974
차상위본인부담경감대상자,2025-12,경상북도,안동시,1286,1005
차상위본인부담경감대상자,2025-12,경상북도,구미시,1836,1356
차상위본인부담경감대상자,2025-12,경상북도,영주시,782,581
차상위본인부담경감대상자,2025-12,경상북도,영천시,709,566
차상위본인부담경감대상자,2025-12,경상북도,상주시,773,627
차상위본인부담경감대상자,2025-12,경상북도,문경시,414,345
차상위본인부담경감대상자,2025-12,경상북도,경산시,1712,1231
차상위본인부담경감대상자,2025-12,경상북도,의성군,411,340
차상위본인부담경감대상자,2025-12,경상북도,청송군,194,167
차상위본인부담경감대상자,2025-12,경상북도,영양군,163,126
차상위본인부담경감대상자,2025-12,경상북도,영덕군,621,522
차상위본인부담경감대상자,2025-12,경상북도,청도군,350,293
차상위본인부담경감대상자,2025-12,경상북도,고령군,469,368
차상위본인부담경감대상자,2025-12,경상북도,성주군,295,240
차상위본인부담경감대상자,2025-12,경상북도,칠곡군,714,511
차상위본인부담경감대상자,2025-12,경상북도,예천군,250,199
차상위본인부담경감대상자,2025-12,경상북도,봉화군,236,198
차상위본인부담경감대상자,2025-12,경상북도,울진군,620,535
차상위본인부담경감대상자,2025-12,경상북도,울릉군,19,14
차상위본인부담경감대상자,2025-12,경상남도,창원시의창구,1232,923
차상위본인부담경감대상자,2025-12,경상남도,창원시성산구,642,476
차상위본인부담경감대상자,2025-12,경상남도,창원시마산합포구,1436,1111
차상위본인부담경감대상자,2025-12,경상남도,창원시마산회원구,1212,934
차상위본인부담경감대상자,2025-12,경상남도,창원시진해구,1116,842
차상위본인부담경감대상자,2025-12,경상남도,진주시,1863,1358
차상위본인부담경감대상자,2025-12,경상남도,통영시,1467,1063
차상위본인부담경감대상자,2025-12,경상남도,사천시,869,677
차상위본인부담경감대상자,2025-12,경상남도,김해시,3232,2381
차상위본인부담경감대상자,2025-12,경상남도,밀양시,882,713
차상위본인부담경감대상자,2025-12,경상남도,거제시,1137,813
차상위본인부담경감대상자,2025-12,경상남도,양산시,2777,2090
차상위본인부담경감대상자,2025-12,경상남도,의령군,154,125
차상위본인부담경감대상자,2025-12,경상남도,함안군,429,345
차상위본인부담경감대상자,2025-12,경상남도,창녕군,577,453
차상위본인부담경감대상자,2025-12,경상남도,고성군,253,205
차상위본인부담경감대상자,2025-12,경상남도,남해군,446,366
차상위본인부담경감대상자,2025-12,경상남도,하동군,246,190
차상위본인부담경감대상자,2025-12,경상남도,산청군,232,191
차상위본인부담경감대상자,2025-12,경상남도,함양군,204,149
차상위본인부담경감대상자,2025-12,경상남도,거창군,463,351
차상위본인부담경감대상자,2025-12,경상남도,합천군,233,201
차상위본인부담경감대상자,2025-12,제주특별자치도,제주시,3911,2782
차상위본인부담경감대상자,2025-12,제주특별자치도,서귀포시,1581,1129
차상위본인부담경감대상자,2025-12,강원특별자치도,춘천시,1982,1515
차상위본인부담경감대상자,2025-12,강원특별자치도,원주시,2303,1714
차상위본인부담경감대상자,2025-12,강원특별자치도,강릉시,2209,1764
차상위본인부담경감대상자,2025-12,강원특별자치도,동해시,618,500
차상위본인부담경감대상자,2025-12,강원특별자치도,태백시,260,212
차상위본인부담경감대상자,2025-12,강원특별자치도,속초시,813,622
차상위본인부담경감대상자,2025-12,강원특별자치도,삼척시,342,286
차상위본인부담경감대상자,2025-12,강원특별자치도,홍천군,184,148
차상위본인부담경감대상자,2025-12,강원특별자치도,횡성군,184,150
차상위본인부담경감대상자,2025-12,강원특별자치도,영월군,173,138
차상위본인부담경감대상자,2025-12,강원특별자치도,평창군,190,150
차상위본인부담경감대상자,2025-12,강원특별자치도,정선군,128,110
차상위본인부담경감대상자,2025-12,강원특별자치도,철원군,328,273
차상위본인부담경감대상자,2025-12,강원특별자치도,화천군,187,147
차상위본인부담경감대상자,2025-12,강원특별자치도,양구군,126,110
차상위본인부담경감대상자,2025-12,강원특별자치도,인제군,248,190
차상위본인부담경감대상자,2025-12,강원특별자치도,고성군,302,245
차상위본인부담경감대상자,2025-12,강원특별자치도,양양군,208,181
차상위본인부담경감대상자,2025-12,전북특별자치도,전주시 완산구,3642,2633
차상위본인부담경감대상자,2025-12,전북특별자치도,전주시 덕진구,2349,1649
차상위본인부담경감대상자,2025-12,전북특별자치도,군산시,3518,2628
차상위본인부담경감대상자,2025-12,전북특별자치도,익산시,3488,2660
차상위본인부담경감대상자,2025-12,전북특별자치도,정읍시,1815,1466
차상위본인부담경감대상자,2025-12,전북특별자치도,남원시,743,551
차상위본인부담경감대상자,2025-12,전북특별자치도,김제시,1611,1289
차상위본인부담경감대상자,2025-12,전북특별자치도,완주군,1166,879
차상위본인부담경감대상자,2025-12,전북특별자치도,진안군,296,228
차상위본인부담경감대상자,2025-12,전북특별자치도,무주군,128,113
차상위본인부담경감대상자,2025-12,전북특별자치도,장수군,147,126
차상위본인부담경감대상자,2025-12,전북특별자치도,임실군,293,235
차상위본인부담경감대상자,2025-12,전북특별자치도,순창군,225,166
차상위본인부담경감대상자,2025-12,전북특별자치도,고창군,1040,833
차상위본인부담경감대상자,2025-12,전북특별자치도,부안군,900,704
기초연금,2025-12,서울특별시,종로구,15147,12164
기초연금,2025-12,서울특별시,중구,15339,12515
기초연금,2025-12,서울특별시,용산구,15571,12574
기초연금,2025-12,서울특별시,성동구,25501,20145
기초연금,2025-12,서울특별시,광진구,31760,24912
기초연금,2025-12,서울특별시,동대문구,42062,32888
기초연금,2025-12,서울특별시,중랑구,59991,46956
기초연금,2025-12,서울특별시,성북구,52110,40178
기초연금,2025-12,서울특별시,강북구,54764,43091
기초연금,2025-12,서울특별시,도봉구,51758,39672
기초연금,2025-12,서울특별시,노원구,65747,51580
기초연금,2025-12,서울특별시,은평구,65972,51264
기초연금,2025-12,서울특별시,서대문구,36206,28160
기초연금,2025-12,서울특별시,마포구,30697,24321
기초연금,2025-12,서울특별시,양천구,47412,36873
기초연금,2025-12,서울특별시,강서구,69014,54092
기초연금,2025-12,서울특별시,구로구,52243,39715
기초연금,2025-12,서울특별시,금천구,32395,25227
기초연금,2025-12,서울특별시,영등포구,32906,25889
기초연금,2025-12,서울특별시,동작구,36025,28115
기초연금,2025-12,서울특별시,관악구,55298,43027
기초연금,2025-12,서울특별시,서초구,17186,13833
기초연금,2025-12,서울특별시,강남구,23178,19157
기초연금,2025-12,서울특별시,송파구,42884,33993
기초연금,2025-12,서울특별시,강동구,47906,37476
기초연금,2025-12,부산광역시,중구,9743,7873
기초연금,2025-12,부산광역시,서구,23551,18521
기초연금,2025-12,부산광역시,동구,21115,16580
기초연금,2025-12,부산광역시,영도구,27447,21153
기초연금,2025-12,부산광역시,부산진구,64095,49427
기초연금,2025-12,부산광역시,동래구,42589,32400
기초연금,2025-12,부산광역시,남구,45319,34110
기초연금,2025-12,부산광역시,북구,47620,36766
기초연금,2025-12,부산광역시,해운대구,54329,42149
기초연금,2025-12,부산광역시,사하구,56960,43770
기초연금,2025-12,부산광역시,금정구,40206,30878
기초연금,2025-12,부산광역시,강서구,13758,10599
기초연금,2025-12,부산광역시,연제구,35052,26750
기초연금,2025-12,부산광역시,수영구,28849,22213
기초연금,2025-12,부산광역시,사상구,39056,30174
기초연금,2025-12,부산광역시,기장군,25621,20146
기초연금,2025-12,대구광역시,중구,12228,9549
기초연금,2025-12,대구광역시,동구,61798,47775
기초연금,2025-12,대구광역시,서구,38477,29707
기초연금,2025-12,대구광역시,남구,29121,22817
기초연금,2025-12,대구광역시,북구,60366,46373
기초연금,2025-12,대구광역시,수성구,44689,34639
기초연금,2025-12,대구광역시,달서구,72473,55901
기초연금,2025-12,대구광역시,달성군,32137,24726
기초연금,2025-12,대구광역시,군위군,8360,6218
기초연금,2025-12,인천광역시,중구,19788,15693
기초연금,2025-12,인천광역시,동구,13232,10207
기초연금,2025-12,인천광역시,미추홀구,67315,52499
기초연금,2025-12,인천광역시,연수구,30991,24078
기초연금,2025-12,인천광역시,남동구,70381,55290
기초연금,2025-12,인천광역시,부평구,71426,55592
기초연금,2025-12,인천광역시,계양구,41797,32984
기초연금,2025-12,인천광역시,서구,65846,51322
기초연금,2025-12,인천광역시,강화군,18732,14009
기초연금,2025-12,인천광역시,옹진군,4862,3711
기초연금,2025-12,광주광역시,동구,15716,12082
기초연금,2025-12,광주광역시,서구,31815,24780
기초연금,2025-12,광주광역시,남구,30964,23763
기초연금,2025-12,광주광역시,북구,56484,43927
기초연금,2025-12,광주광역시,광산구,34536,27310
기초연금,2025-12,대전광역시,동구,38903,30261
기초연금,2025-12,대전광역시,중구,37228,28916
기초연금,2025-12,대전광역시,서구,48006,37104
기초연금,2025-12,대전광역시,유성구,23687,18797
기초연금,2025-12,대전광역시,대덕구,26494,20507
기초연금,2025-12,울산광역시,중구,29713,23099
기초연금,2025-12,울산광역시,남구,32767,25343
기초연금,2025-12,울산광역시,동구,17924,13489
기초연금,2025-12,울산광역시,북구,17377,13409
기초연금,2025-12,울산광역시,울주군,29938,23430
기초연금,2025-12,세종특별자치시,세종특별자치시,24997,19546
기초연금,2025-12,경기도,수원시장안구,30771,24358
기초연금,2025-12,경기도,수원시권선구,37884,29817
기초연금,2025-12,경기도,수원시팔달구,21828,17611
기초연금,2025-12,경기도,수원시영통구,17845,14136
기초연금,2025-12,경기도,성남시수정구,30361,24596
기초연금,2025-12,경기도,성남시중원구,29655,23523
기초연금,2025-12,경기도,성남시분당구,22118,17700
기초연금,2025-12,경기도,의정부시,65244,51010
기초연금,2025-12,경기도,안양시만안구,32851,25420
기초연금,2025-12,경기도,안양시동안구,26243,20233
기초연금,2025-12,경기도,부천시 원미구,46254,36114
기초연금,2025-12,경기도,부천시 소사구,33061,25539
기초연금,2025-12,경기도,부천시 오정구,25614,20281
기초연금,2025-12,경기도,광명시,31268,24245
기초연금,2025-12,경기도,평택시,55538,44526
기초연금,2025-12,경기도,동두천시,18496,14819
기초연금,2025-12,경기도,안산시상록구,37246,29925
기초연금,2025-12,경기도,안산시단원구,29952,23924
기초연금,2025-12,경기도,고양시덕양구,60813,47833
기초연금,2025-12,경기도,고양시일산동구,28736,22621
기초연금,2025-12,경기도,고양시일산서구,28656,22070
기초연금,2025-12,경기도,과천시,3607,2949
기초연금,2025-12,경기도,구리시,21633,16860
기초연금,2025-12,경기도,남양주시,92434,71260
기초연금,2025-12,경기도,오산시,21457,16993
기초연금,2025-12,경기도,시흥시,48856,38777
기초연금,2025-12,경기도,군포시,29605,23154
기초연금,2025-12,경기도,의왕시,15852,12044
기초연금,2025-12,경기도,하남시,28435,21954
기초연금,2025-12,경기도,용인시처인구,32685,25470
기초연금,2025-12,경기도,용인시기흥구,37634,28413
기초연금,2025-12,경기도,용인시수지구,20115,15024
기초연금,2025-12,경기도,파주시,61670,48161
기초연금,2025-12,경기도,이천시,26753,20689
기초연금,2025-12,경기도,안성시,27703,21674
기초연금,2025-12,경기도,김포시,49822,38206
기초연금,2025-12,경기도,화성시,68839,53949
기초연금,2025-12,경기도,광주시,49067,37167
기초연금,2025-12,경기도,양주시,38934,30430
기초연금,2025-12,경기도,포천시,27234,21664
기초연금,2025-12,경기도,여주시,21324,16361
기초연금,2025-12,경기도,연천군,10076,7932
기초연금,2025-12,경기도,가평군,13396,10402
기초연금,2025-12,경기도,양평군,23366,17889
기초연금,2025-12,충청북도,청주시상당구,26031,20273
기초연금,2025-12,충청북도,청주시서원구,23970,18860
기초연금,2025-12,충청북도,청주시흥덕구,24856,19531
기초연금,2025-12,충청북도,청주시청원구,21081,16514
기초연금,2025-12,충청북도,충주시,37807,29248
기초연금,2025-12,충청북도,제천시,26016,20017
기초연금,2025-12,충청북도,보은군,9965,7536
기초연금,2025-12,충청북도,옥천군,13582,10371
기초연금,2025-12,충청북도,영동군,13319,10168
기초연금,2025-12,충청북도,증평군,6060,4769
기초연금,2025-12,충청북도,진천군,12144,9427
기초연금,2025-12,충청북도,괴산군,11821,8854
기초연금,2025-12,충청북도,음성군,18080,14144
기초연금,2025-12,충청북도,단양군,8151,6212
기초연금,2025-12,충청남도,천안시,1,1
기초연금,2025-12,충청남도,천안시 동남구,32550,25650
기초연금,2025-12,충청남도,천안시 서북구,31026,24545
기초연금,2025-12,충청남도,공주시,23343,18003
기초연금,2025-12,충청남도,보령시,22846,17482
기초연금,2025-12,충청남도,아산시,38139,30126
기초연금,2025-12,충청남도,서산시,28558,21777
기초연금,2025-12,충청남도,논산시,27161,21023
기초연금,2025-12,충청남도,계룡시,4064,3190
기초연금,2025-12,충청남도,당진시,26123,20154
기초연금,2025-12,충청남도,금산군,14546,11071
기초연금,2025-12,충청남도,부여군,19459,14683
기초연금,2025-12,충청남도,서천군,16187,12258
기초연금,2025-12,충청남도,청양군,9664,7301
기초연금,2025-12,충청남도,홍성군,20667,15785
기초연금,2025-12,충청남도,예산군,20986,15889
기초연금,2025-12,충청남도,태안군,17287,13002
기초연금,2025-12,전라남도,목포시,34854,27543
기초연금,2025-12,전라남도,여수시,48917,37461
기초연금,2025-12,전라남도,순천시,38613,30200
기초연금,2025-12,전라남도,나주시,22922,17884
기초연금,2025-12,전라남도,광양시,18393,14403
기초연금,2025-12,전라남도,담양군,12046,9258
기초연금,2025-12,전라남도,곡성군,8812,6864
기초연금,2025-12,전라남도,구례군,7572,5868
기초연금,2025-12,전라남도,고흥군,24069,18483
기초연금,2025-12,전라남도,보성군,13420,10499
기초연금,2025-12,전라남도,화순군,14476,11494
기초연금,2025-12,전라남도,장흥군,11400,8867
기초연금,2025-12,전라남도,강진군,10229,7942
기초연금,2025-12,전라남도,해남군,19904,15396
기초연금,2025-12,전라남도,영암군,12670,9876
기초연금,2025-12,전라남도,무안군,15629,12136
기초연금,2025-12,전라남도,함평군,10174,7944
기초연금,2025-12,전라남도,영광군,13838,10751
기초연금,2025-12,전라남도,장성군,11221,8699
기초연금,2025-12,전라남도,완도군,14858,11290
기초연금,2025-12,전라남도,진도군,9253,7190
기초연금,2025-12,전라남도,신안군,13155,9986
기초연금,2025-12,경상북도,포항시남구,37746,28816
기초연금,2025-12,경상북도,포항시북구,43030,32799
기초연금,2025-12,경상북도,경주시,49139,38260
기초연금,2025-12,경상북도,김천시,28614,22011
기초연금,2025-12,경상북도,안동시,32792,25331
기초연금,2025-12,경상북도,구미시,40070,31416
기초연금,2025-12,경상북도,영주시,23688,18110
기초연금,2025-12,경상북도,영천시,25847,19815
기초연금,2025-12,경상북도,상주시,26457,20310
기초연금,2025-12,경상북도,문경시,17825,13777
기초연금,2025-12,경상북도,경산시,40220,31081
기초연금,2025-12,경상북도,의성군,19256,14576
기초연금,2025-12,경상북도,청송군,8530,6425
기초연금,2025-12,경상북도,영양군,5561,4293
기초연금,2025-12,경상북도,영덕군,11959,9365
기초연금,2025-12,경상북도,청도군,13629,10383
기초연금,2025-12,경상북도,고령군,9381,7245
기초연금,2025-12,경상북도,성주군,12752,9676
기초연금,2025-12,경상북도,칠곡군,16731,13081
기초연금,2025-12,경상북도,예천군,14074,10674
기초연금,2025-12,경상북도,봉화군,10182,7747
기초연금,2025-12,경상북도,울진군,12302,9701
기초연금,2025-12,경상북도,울릉군,1933,1490
기초연금,2025-12,경상남도,창원시의창구,26910,20983
기초연금,2025-12,경상남도,창원시성산구,18843,14500
기초연금,2025-12,경상남도,창원시마산합포구,35417,27546
기초연금,2025-12,경상남도,창원시마산회원구,32333,24814
기초연금,2025-12,경상남도,창원시진해구,22807,17953
기초연금,2025-12,경상남도,진주시,50038,39111
기초연금,2025-12,경상남도,통영시,24792,19360
기초연금,2025-12,경상남도,사천시,22355,17547
기초연금,2025-12,경상남도,김해시,59714,47370
기초연금,2025-12,경상남도,밀양시,25266,19746
기초연금,2025-12,경상남도,거제시,25146,19613
기초연금,2025-12,경상남도,양산시,49537,38560
기초연금,2025-12,경상남도,의령군,8667,6836
기초연금,2025-12,경상남도,함안군,14488,11336
기초연금,2025-12,경상남도,창녕군,17455,13589
기초연금,2025-12,경상남도,고성군,14532,11279
기초연금,2025-12,경상남도,남해군,14334,10975
기초연금,2025-12,경상남도,하동군,13873,10711
기초연금,2025-12,경상남도,산청군,11154,8663
기초연금,2025-12,경상남도,함양군,11390,8919
기초연금,2025-12,경상남도,거창군,15100,11733
기초연금,2025-12,경상남도,합천군,14961,11619
기초연금,2025-12,제주특별자치도,제주시,52761,42480
기초연금,2025-12,제주특별자치도,서귀포시,26700,21227
기초연금,2025-12,강원특별자치도,춘천시,37772,29971
기초연금,2025-12,강원특별자치도,원주시,47030,37294
기초연금,2025-12,강원특별자치도,강릉시,37901,29770
기초연금,2025-12,강원특별자치도,동해시,15786,12288
기초연금,2025-12,강원특별자치도,태백시,8571,6738
기초연금,2025-12,강원특별자치도,속초시,13945,11250
기초연금,2025-12,강원특별자치도,삼척시,14197,11033
기초연금,2025-12,강원특별자치도,홍천군,16055,12201
기초연금,2025-12,강원특별자치도,횡성군,12082,9032
기초연금,2025-12,강원특별자치도,영월군,10047,7674
기초연금,2025-12,강원특별자치도,평창군,9946,7559
기초연금,2025-12,강원특별자치도,정선군,9133,7204
기초연금,2025-12,강원특별자치도,철원군,8522,6595
기초연금,2025-12,강원특별자치도,화천군,4940,3806
기초연금,2025-12,강원특별자치도,양구군,4213,3259
기초연금,2025-12,강원특별자치도,인제군,5851,4579
기초연금,2025-12,강원특별자치도,고성군,7289,5685
기초연금,2025-12,강원특별자치도,양양군,7019,5449
기초연금,2025-12,전북특별자치도,전주시 완산구,42022,32983
기초연금,2025-12,전북특별자치도,전주시 덕진구,35376,27292
기초연금,2025-12,전북특별자치도,군산시,46074,35747
기초연금,2025-12,전북특별자치도,익산시,49270,38440
기초연금,2025-12,전북특별자치도,정읍시,26527,20643
기초연금,2025-12,전북특별자치도,남원시,19730,15333
기초연금,2025-12,전북특별자치도,김제시,23140,17972
기초연금,2025-12,전북특별자치도,완주군,19562,14998
기초연금,2025-12,전북특별자치도,진안군,7910,5940
기초연금,2025-12,전북특별자치도,무주군,7182,5480
기초연금,2025-12,전북특별자치도,장수군,6729,5138
기초연금,2025-12,전북특별자치도,임실군,8749,6715
기초연금,2025-12,전북특별자치도,순창군,8239,6392
기초연금,2025-12,전북특별자치도,고창군,16400,12668
기초연금,2025-12,전북특별자치도,부안군,14863,11559
장애인연금,2025-12,서울특별시,종로구,854,849
장애인연금,2025-12,서울특별시,중구,562,547
장애인연금,2025-12,서울특별시,용산구,685,680
장애인연금,2025-12,서울특별시,성동구,1065,1053
장애인연금,2025-12,서울특별시,광진구,1237,1226
장애인연금,2025-12,서울특별시,동대문구,1570,1552
장애인연금,2025-12,서울특별시,중랑구,2736,2701
장애인연금,2025-12,서울특별시,성북구,1867,1841
장애인연금,2025-12,서울특별시,강북구,2448,2409
장애인연금,2025-12,서울특별시,도봉구,1860,1838
장애인연금,2025-12,서울특별시,노원구,4662,4552
장애인연금,2025-12,서울특별시,은평구,2943,2915
장애인연금,2025-12,서울특별시,서대문구,1311,1300
장애인연금,2025-12,서울특별시,마포구,1570,1543
장애인연금,2025-12,서울특별시,양천구,2020,1984
장애인연금,2025-12,서울특별시,강서구,4677,4577
장애인연금,2025-12,서울특별시,구로구,2090,2055
장애인연금,2025-12,서울특별시,금천구,1373,1354
장애인연금,2025-12,서울특별시,영등포구,1361,1347
장애인연금,2025-12,서울특별시,동작구,1555,1532
장애인연금,2025-12,서울특별시,관악구,2297,2275
장애인연금,2025-12,서울특별시,서초구,1035,1021
장애인연금,2025-12,서울특별시,강남구,2317,2264
장애인연금,2025-12,서울특별시,송파구,2394,2372
장애인연금,2025-12,서울특별시,강동구,2403,2386
장애인연금,2025-12,부산광역시,중구,348,343
장애인연금,2025-12,부산광역시,서구,1050,1041
장애인연금,2025-12,부산광역시,동구,785,775
장애인연금,2025-12,부산광역시,영도구,1510,1488
장애인연금,2025-12,부산광역시,부산진구,2501,2477
장애인연금,2025-12,부산광역시,동래구,1530,1520
장애인연금,2025-12,부산광역시,남구,1640,1630
장애인연금,2025-12,부산광역시,북구,2460,2422
장애인연금,2025-12,부산광역시,해운대구,2456,2438
장애인연금,2025-12,부산광역시,사하구,2565,2535
장애인연금,2025-12,부산광역시,금정구,1491,1475
장애인연금,2025-12,부산광역시,강서구,762,761
장애인연금,2025-12,부산광역시,연제구,1353,1343
장애인연금,2025-12,부산광역시,수영구,1051,1041
장애인연금,2025-12,부산광역시,사상구,2075,2049
장애인연금,2025-12,부산광역시,기장군,1288,1278
장애인연금,2025-12,대구광역시,중구,563,557
장애인연금,2025-12,대구광역시,동구,3095,3063
장애인연금,2025-12,대구광역시,서구,1513,1499
장애인연금,2025-12,대구광역시,남구,1251,1234
장애인연금,2025-12,대구광역시,북구,3033,2992
장애인연금,2025-12,대구광역시,수성구,2413,2383
장애인연금,2025-12,대구광역시,달서구,4067,3998
장애인연금,2025-12,대구광역시,달성군,1649,1626
장애인연금,2025-12,대구광역시,군위군,291,284
장애인연금,2025-12,인천광역시,중구,739,732
장애인연금,2025-12,인천광역시,동구,536,529
장애인연금,2025-12,인천광역시,미추홀구,2679,2653
장애인연금,2025-12,인천광역시,연수구,1712,1695
장애인연금,2025-12,인천광역시,남동구,3605,3547
장애인연금,2025-12,인천광역시,부평구,3590,3540
장애인연금,2025-12,인천광역시,계양구,1876,1855
장애인연금,2025-12,인천광역시,서구,3115,3073
장애인연금,2025-12,인천광역시,강화군,879,864
장애인연금,2025-12,인천광역시,옹진군,246,242
장애인연금,2025-12,광주광역시,동구,943,940
장애인연금,2025-12,광주광역시,서구,1999,1962
장애인연금,2025-12,광주광역시,남구,1779,1747
장애인연금,2025-12,광주광역시,북구,3363,3320
장애인연금,2025-12,광주광역시,광산구,2648,2608
장애인연금,2025-12,대전광역시,동구,2304,2259
장애인연금,2025-12,대전광역시,중구,1989,1964
장애인연금,2025-12,대전광역시,서구,2819,2791
장애인연금,2025-12,대전광역시,유성구,1684,1657
장애인연금,2025-12,대전광역시,대덕구,1737,1712
장애인연금,2025-12,울산광역시,중구,1181,1171
장애인연금,2025-12,울산광역시,남구,1538,1526
장애인연금,2025-12,울산광역시,동구,896,888
장애인연금,2025-12,울산광역시,북구,1114,1103
장애인연금,2025-12,울산광역시,울주군,1575,1551
장애인연금,2025-12,세종특별자치시,세종특별자치시,1461,1442
장애인연금,2025-12,경기도,수원시장안구,1418,1403
장애인연금,2025-12,경기도,수원시권선구,1839,1820
장애인연금,2025-12,경기도,수원시팔달구,1096,1087
장애인연금,2025-12,경기도,수원시영통구,952,937
장애인연금,2025-12,경기도,성남시수정구,1254,1237
장애인연금,2025-12,경기도,성남시중원구,1352,1340
장애인연금,2025-12,경기도,성남시분당구,1737,1712
장애인연금,2025-12,경기도,의정부시,2857,2830
장애인연금,2025-12,경기도,안양시만안구,1265,1250
장애인연금,2025-12,경기도,안양시동안구,1109,1103
장애인연금,2025-12,경기도,부천시 원미구,2197,2161
장애인연금,2025-12,경기도,부천시 소사구,1297,1277
장애인연금,2025-12,경기도,부천시 오정구,1042,1029
장애인연금,2025-12,경기도,광명시,1491,1470
장애인연금,2025-12,경기도,평택시,2817,2779
장애인연금,2025-12,경기도,동두천시,986,976
장애인연금,2025-12,경기도,안산시상록구,2219,2183
장애인연금,2025-12,경기도,안산시단원구,1829,1804
장애인연금,2025-12,경기도,고양시덕양구,2465,2440
장애인연금,2025-12,경기도,고양시일산동구,1603,1592
장애인연금,2025-12,경기도,고양시일산서구,1496,1480
장애인연금,2025-12,경기도,과천시,237,237
장애인연금,2025-12,경기도,구리시,918,911
장애인연금,2025-12,경기도,남양주시,4010,3975
장애인연금,2025-12,경기도,오산시,1080,1062
장애인연금,2025-12,경기도,시흥시,2378,2357
장애인연금,2025-12,경기도,군포시,1367,1351
장애인연금,2025-12,경기도,의왕시,653,647
장애인연금,2025-12,경기도,하남시,1290,1278
장애인연금,2025-12,경기도,용인시처인구,1640,1626
장애인연금,2025-12,경기도,용인시기흥구,1638,1620
장애인연금,2025-12,경기도,용인시수지구,720,712
장애인연금,2025-12,경기도,파주시,3046,3007
장애인연금,2025-12,경기도,이천시,1462,1441
장애인연금,2025-12,경기도,안성시,1553,1527
장애인연금,2025-12,경기도,김포시,2033,2003
장애인연금,2025-12,경기도,화성시,3372,3336
장애인연금,2025-12,경기도,광주시,1992,1975
장애인연금,2025-12,경기도,양주시,1845,1826
장애인연금,2025-12,경기도,포천시,1461,1447
장애인연금,2025-12,경기도,여주시,961,944
장애인연금,2025-12,경기도,연천군,452,449
장애인연금,2025-12,경기도,가평군,928,924
장애인연금,2025-12,경기도,양평군,1262,1247
장애인연금,2025-12,충청북도,청주시,253,253
장애인연금,2025-12,충청북도,청주시상당구,1520,1499
장애인연금,2025-12,충청북도,청주시서원구,1445,1420
장애인연금,2025-12,충청북도,청주시흥덕구,1364,1348
장애인연금,2025-12,충청북도,청주시청원구,1087,1072
장애인연금,2025-12,충청북도,충주시,1953,1914
장애인연금,2025-12,충청북도,제천시,1383,1367
장애인연금,2025-12,충청북도,보은군,373,361
장애인연금,2025-12,충청북도,옥천군,739,724
장애인연금,2025-12,충청북도,영동군,560,550
장애인연금,2025-12,충청북도,증평군,380,372
장애인연금,2025-12,충청북도,진천군,487,477
장애인연금,2025-12,충청북도,괴산군,482,461
장애인연금,2025-12,충청북도,음성군,1360,1349
장애인연금,2025-12,충청북도,단양군,351,344
장애인연금,2025-12,충청남도,천안시 동남구,1807,1792
장애인연금,2025-12,충청남도,천안시 서북구,1861,1834
장애인연금,2025-12,충청남도,공주시,1500,1462
장애인연금,2025-12,충청남도,보령시,1195,1177
장애인연금,2025-12,충청남도,아산시,2074,2045
장애인연금,2025-12,충청남도,서산시,1350,1316
장애인연금,2025-12,충청남도,논산시,1663,1624
장애인연금,2025-12,충청남도,계룡시,190,190
장애인연금,2025-12,충청남도,당진시,1094,1076
장애인연금,2025-12,충청남도,금산군,581,569
장애인연금,2025-12,충청남도,부여군,957,937
장애인연금,2025-12,충청남도,서천군,751,735
장애인연금,2025-12,충청남도,청양군,345,339
장애인연금,2025-12,충청남도,홍성군,842,832
장애인연금,2025-12,충청남도,예산군,866,848
장애인연금,2025-12,충청남도,태안군,644,626
장애인연금,2025-12,전라남도,목포시,2314,2281
장애인연금,2025-12,전라남도,여수시,2482,2420
장애인연금,2025-12,전라남도,순천시,2002,1967
장애인연금,2025-12,전라남도,나주시,1239,1211
장애인연금,2025-12,전라남도,광양시,958,949
장애인연금,2025-12,전라남도,담양군,599,585
장애인연금,2025-12,전라남도,곡성군,488,473
장애인연금,2025-12,전라남도,구례군,343,330
장애인연금,2025-12,전라남도,고흥군,1082,1058
장애인연금,2025-12,전라남도,보성군,635,605
장애인연금,2025-12,전라남도,화순군,726,715
장애인연금,2025-12,전라남도,장흥군,599,577
장애인연금,2025-12,전라남도,강진군,421,404
장애인연금,2025-12,전라남도,해남군,1009,975
장애인연금,2025-12,전라남도,영암군,575,558
장애인연금,2025-12,전라남도,무안군,709,689
장애인연금,2025-12,전라남도,함평군,536,514
장애인연금,2025-12,전라남도,영광군,735,705
장애인연금,2025-12,전라남도,장성군,525,515
장애인연금,2025-12,전라남도,완도군,623,593
장애인연금,2025-12,전라남도,진도군,449,434
장애인연금,2025-12,전라남도,신안군,495,477
장애인연금,2025-12,경상북도,포항시남구,1730,1713
장애인연금,2025-12,경상북도,포항시북구,2267,2238
장애인연금,2025-12,경상북도,경주시,2142,2118
장애인연금,2025-12,경상북도,김천시,1547,1518
장애인연금,2025-12,경상북도,안동시,2242,2184
장애인연금,2025-12,경상북도,구미시,2199,2172
장애인연금,2025-12,경상북도,영주시,1309,1276
장애인연금,2025-12,경상북도,영천시,1170,1145
장애인연금,2025-12,경상북도,상주시,1180,1148
장애인연금,2025-12,경상북도,문경시,777,756
장애인연금,2025-12,경상북도,경산시,2130,2106
장애인연금,2025-12,경상북도,의성군,740,723
장애인연금,2025-12,경상북도,청송군,279,272
장애인연금,2025-12,경상북도,영양군,235,229
장애인연금,2025-12,경상북도,영덕군,468,459
장애인연금,2025-12,경상북도,청도군,512,499
장애인연금,2025-12,경상북도,고령군,446,440
장애인연금,2025-12,경상북도,성주군,456,445
장애인연금,2025-12,경상북도,칠곡군,863,851
장애인연금,2025-12,경상북도,예천군,717,690
장애인연금,2025-12,경상북도,봉화군,383,369
장애인연금,2025-12,경상북도,울진군,589,579
장애인연금,2025-12,경상북도,울릉군,35,35
장애인연금,2025-12,경상남도,창원시의창구,1395,1378
장애인연금,2025-12,경상남도,창원시성산구,970,963
장애인연금,2025-12,경상남도,창원시마산합포구,1567,1552
장애인연금,2025-12,경상남도,창원시마산회원구,1238,1225
장애인연금,2025-12,경상남도,창원시진해구,1218,1208
장애인연금,2025-12,경상남도,진주시,2710,2660
장애인연금,2025-12,경상남도,통영시,1090,1071
장애인연금,2025-12,경상남도,사천시,1196,1170
장애인연금,2025-12,경상남도,김해시,3340,3294
장애인연금,2025-12,경상남도,밀양시,1010,998
장애인연금,2025-12,경상남도,거제시,1434,1416
장애인연금,2025-12,경상남도,양산시,2332,2304
장애인연금,2025-12,경상남도,의령군,471,461
장애인연금,2025-12,경상남도,함안군,720,708
장애인연금,2025-12,경상남도,창녕군,700,680
장애인연금,2025-12,경상남도,고성군,675,664
장애인연금,2025-12,경상남도,남해군,613,598
장애인연금,2025-12,경상남도,하동군,650,634
장애인연금,2025-12,경상남도,산청군,564,543
장애인연금,2025-12,경상남도,함양군,488,481
장애인연금,2025-12,경상남도,거창군,703,689
장애인연금,2025-12,경상남도,합천군,673,650
장애인연금,2025-12,제주특별자치도,제주시,3513,3476
장애인연금,2025-12,제주특별자치도,서귀포시,1391,1372
장애인연금,2025-12,강원특별자치도,춘천시,2264,2221
장애인연금,2025-12,강원특별자치도,원주시,2611,2570
장애인연금,2025-12,강원특별자치도,강릉시,1822,1800
장애인연금,2025-12,강원특별자치도,동해시,738,731
장애인연금,2025-12,강원특별자치도,태백시,367,363
장애인연금,2025-12,강원특별자치도,속초시,616,603
장애인연금,2025-12,강원특별자치도,삼척시,651,636
장애인연금,2025-12,강원특별자치도,홍천군,734,723
장애인연금,2025-12,강원특별자치도,횡성군,441,430
장애인연금,2025-12,강원특별자치도,영월군,409,400
장애인연금,2025-12,강원특별자치도,평창군,349,338
장애인연금,2025-12,강원특별자치도,정선군,333,324
장애인연금,2025-12,강원특별자치도,철원군,348,342
장애인연금,2025-12,강원특별자치도,화천군,237,232
장애인연금,2025-12,강원특별자치도,양구군,174,172
장애인연금,2025-12,강원특별자치도,인제군,292,287
장애인연금,2025-12,강원특별자치도,고성군,332,321
장애인연금,2025-12,강원특별자치도,양양군,325,321
장애인연금,2025-12,전북특별자치도,전주시,194,194
장애인연금,2025-12,전북특별자치도,전주시 완산구,2510,2475
장애인연금,2025-12,전북특별자치도,전주시 덕진구,1778,1761
장애인연금,2025-12,전북특별자치도,군산시,2267,2243
장애인연금,2025-12,전북특별자치도,익산시,3317,3256
장애인연금,2025-12,전북특별자치도,정읍시,1473,1442
장애인연금,2025-12,전북특별자치도,남원시,1112,1083
장애인연금,2025-12,전북특별자치도,김제시,1367,1328
장애인연금,2025-12,전북특별자치도,완주군,1256,1240
장애인연금,2025-12,전북특별자치도,진안군,358,336
장애인연금,2025-12,전북특별자치도,무주군,313,304
장애인연금,2025-12,전북특별자치도,장수군,274,266
장애인연금,2025-12,전북특별자치도,임실군,451,435
장애인연금,2025-12,전북특별자치도,순창군,431,412
장애인연금,2025-12,전북특별자치도,고창군,744,720
장애인연금,2025-12,전북특별자치도,부안군,674,659
